rakamin_id,hris_id,ats_id,full_name,email,branch,region,canonical_role,hire_date,years_in_role,identity_match_method,identity_match_tier,identity_confidence,resolved_skills,skill_source,skill_confidence,missing_skills,perf_2022_normalized,perf_2023_normalized,perf_2024_normalized,avg_performance,performance_data_years,skill_gap_score,reskill_priority,recommended_courses,overall_confidence,needs_human_review,review_reason
RKM-2901,EMP-2901,candidate_901,Ani Setiawan,ani.setiawan@medika.co.id,Makassar,South Sulawesi,Sales Representative,2017-09-30,1,email+name,1,0.97,Territory Management; B2B Sales; Negotiation; Customer Relationship,lms_inferred,0.68,Product Knowledge; CRM Usage,,,,,0,33,LOW,LMS004,0.82,False,
RKM-2902,EMP-2902,candidate_902,Desy Gunawan,desy.gunawan@medika.co.id,Palembang,South Sumatra,Warehouse Staff,2022-11-12,6,email+name,1,0.97,Cold Chain Handling; Stock Opname; Inventory Management,self_reported+lms,0.9,Safety Compliance; Forklift Operation,,,3.8,3.8,1,40,MEDIUM,LMS006,0.94,False,
RKM-2903,EMP-2903,candidate_903,Ayu Purnama,ayu.purnama@medika.co.id,Makassar,South Sulawesi,Senior Sales,2019-01-10,6,email+name,1,0.97,CRM Usage; Product Knowledge; Negotiation; B2B Sales; Territory Management; Customer Relationship,self_reported,0.85,Team Mentoring; Sales Forecasting,3,5,3,3.67,3,25,LOW,LMS008,0.91,False,
RKM-2904,EMP-2904,candidate_904,Desy Susanto,desy.susanto@medika.co.id,Yogyakarta,DIY,Warehouse Staff,2015-07-07,5,email+name,1,0.97,Cold Chain Handling; Safety Compliance; Stock Opname; Inventory Management,self_reported+lms,0.9,Forklift Operation,,,,,0,20,LOW,,0.94,False,
RKM-2905,EMP-2905,candidate_905,Hendro Kusuma,hendro.kusuma@medika.co.id,Makassar,South Sulawesi,Branch Manager,2020-12-27,7,email+date,1,0.92,Operations Management; Strategic Planning; Stakeholder Management; Team Leadership; Budget Management; P&L Management,self_reported,0.85,,,5,4,4.5,2,0,LOW,,0.89,False,
RKM-2906,EMP-2906,candidate_906,Fitri Hakim,fitri.hakim@medika.co.id,Medan,North Sumatra,Senior Sales,2021-05-12,5,email+name,1,0.97,CRM Usage; B2B Sales; Negotiation; Territory Management,lms_inferred,0.68,Product Knowledge; Customer Relationship; Team Mentoring; Sales Forecasting,,,,,0,50,MEDIUM,LMS008; LMS012,0.82,False,
RKM-2907,EMP-2907,candidate_907,Yanti Hartono,yanti.hartono@medika.co.id,Yogyakarta,DIY,HR Officer,2019-01-22,2,name_only,3,0.6,Recruitment; Payroll Processing,title_inferred,0.45,Employee Relations; HR Information Systems; Labor Law; Training Coordination,,,,,0,67,HIGH,LMS010,0.53,True,skills_fully_inferred; overall_confidence_below_threshold
RKM-2908,EMP-2908,candidate_908,Gilang Utama,gilang.utama@medika.co.id,Balikpapan,East Kalimantan,HR Officer,2020-12-07,5,name_only,3,0.6,Recruitment; HR Information Systems; Employee Relations; Payroll Processing,self_reported+lms,0.9,Labor Law; Training Coordination,,,4,4.0,1,33,LOW,,0.75,False,
RKM-2909,EMP-2909,candidate_909,Iwan Hakim,iwan.hakim@medika.co.id,Palembang,South Sumatra,Sales Manager,2016-03-11,6,email+name,1,0.97,CRM Usage; Team Leadership; B2B Sales; Team Mentoring; Sales Forecasting,self_reported+lms,0.9,Budget Management; Strategic Planning; Negotiation,1.2,3.8,5.0,3.33,3,38,MEDIUM,LMS003; LMS014,0.94,False,
RKM-2910,EMP-2910,candidate_910,Dewi Rahayu,dewi.rahayu@medika.co.id,Medan,North Sumatra,Warehouse Staff,2021-05-12,7,email+date,1,0.92,Cold Chain Handling; Safety Compliance; Stock Opname; Inventory Management,self_reported+lms,0.9,Forklift Operation,,,5,5.0,1,20,LOW,,0.91,False,
RKM-2911,EMP-2911,candidate_911,Rudi Budiman,rudi.budiman@medika.co.id,Bandung,West Java,IT Support,2022-09-26,1,email+name,1,0.97,IT Security,lms_inferred,0.68,Network Administration; Hardware Troubleshooting; Software Installation; Helpdesk Management,,,,,0,80,HIGH,,0.82,False,
RKM-2912,EMP-2912,candidate_912,Bambang Permana,bambang.permana@medika.co.id,Yogyakarta,DIY,IT Support,2017-06-21,8,email+name,1,0.97,Network Administration; Hardware Troubleshooting,self_reported,0.85,Software Installation; IT Security; Helpdesk Management,,,4,4.0,1,60,MEDIUM,LMS015,0.91,False,
RKM-2913,EMP-2913,candidate_913,Lestari Pratama,lestari.pratama@medika.co.id,Bandung,West Java,Finance Officer,2016-01-22,4,email+name,1,0.97,Financial Reporting; Accounting,self_reported,0.85,Tax Compliance; Budget Analysis; ERP Usage; Audit Support,,,,,0,67,HIGH,LMS009,0.91,False,
RKM-2914,EMP-2914,candidate_914,Surya Utama,surya.utama@medika.co.id,Bandung,West Java,Warehouse Staff,2016-07-28,2,email+name,1,0.97,Inventory Management; Cold Chain Handling; Forklift Operation; Stock Opname; Safety Compliance,self_reported,0.85,,,,,,0,0,LOW,,0.91,False,
RKM-2915,EMP-2915,candidate_915,Lestari Wahyudi,lestari.wahyudi@medika.co.id,Bandung,West Java,Sales Manager,2020-05-25,4,email+name,1,0.97,CRM Usage; Strategic Planning; Team Leadership; Team Mentoring; P&L Management,lms_inferred,0.68,B2B Sales; Sales Forecasting; Budget Management; Negotiation,,,5,5.0,1,50,MEDIUM,LMS003,0.82,False,
RKM-2916,EMP-2916,candidate_916,Dewi Permana,dewi.permana@medika.co.id,Medan,North Sumatra,Warehouse Staff,2023-04-02,4,name+date,2,0.78,Cold Chain Handling; Safety Compliance; Inventory Management,self_reported,0.85,Stock Opname; Forklift Operation,1,2,1,1.33,3,40,MEDIUM,LMS013,0.81,False,
RKM-2917,EMP-2917,candidate_917,Prio Rahayu,prio.rahayu@medika.co.id,Balikpapan,East Kalimantan,Senior Sales,2021-06-29,3,email+name,1,0.97,CRM Usage; Product Knowledge; Negotiation; B2B Sales; Territory Management; Customer Relationship,self_reported+lms,0.9,Team Mentoring; Sales Forecasting,,4,4,4.0,2,25,LOW,LMS008,0.94,False,
RKM-2918,EMP-2918,candidate_918,Andi Hakim,andi.hakim@medika.co.id,Medan,North Sumatra,Finance Officer,2023-06-07,6,email+date,1,0.92,Financial Reporting; Accounting,self_reported,0.85,Tax Compliance; Budget Analysis; ERP Usage; Audit Support,,2,3,2.5,2,67,HIGH,LMS009,0.89,False,
RKM-2919,EMP-2919,candidate_919,Sari Margono,sari.margono@medika.co.id,Medan,North Sumatra,Sales Manager,2021-02-03,5,email+name,1,0.97,CRM Usage; Strategic Planning; Negotiation; Team Leadership; B2B Sales; Team Mentoring; Sales Forecasting; P&L Management,self_reported+lms,0.9,Budget Management,,,1,1.0,1,12,LOW,,0.94,False,
RKM-2920,EMP-2920,candidate_920,Fitri Suryadi,fitri.suryadi@medika.co.id,Medan,North Sumatra,Branch Manager,2018-11-05,3,email+name,1,0.97,Team Leadership; Strategic Planning,self_reported,0.85,Budget Management; Operations Management; Stakeholder Management; P&L Management,,3,1,2.0,2,67,HIGH,LMS014,0.91,False,
RKM-2921,EMP-2921,candidate_921,Ani Utama,ani.utama@medika.co.id,Medan,North Sumatra,Sales Manager,2021-03-09,1,name+date,2,0.78,CRM Usage; Strategic Planning; Negotiation; Team Leadership; B2B Sales; Budget Management; Sales Forecasting,self_reported+lms,0.9,Team Mentoring,5,5,2,4.0,3,12,LOW,LMS008,0.84,False,
RKM-2922,EMP-2922,candidate_922,Ahmad Tanjung,ahmad.tanjung@medika.co.id,Medan,North Sumatra,Logistics Coordinator,2019-01-05,7,email+name,1,0.97,Documentation; Route Optimization; Cold Chain Handling; Supply Chain Management; Vendor Management,self_reported+lms,0.9,ERP Usage,2,4,1,2.33,3,17,LOW,,0.94,False,
RKM-2923,EMP-2923,candidate_923,Hendra Adiputra,hendra.adiputra@medika.co.id,Bandung,West Java,Warehouse Supervisor,2022-11-12,6,email+name,1,0.97,Inventory Management; Cold Chain Handling; Stock Opname; Safety Compliance; Team Leadership; Team Mentoring,self_reported+lms,0.9,Process Optimization,,,,,0,17,LOW,,0.94,False,
RKM-2924,EMP-2924,candidate_924,Fitria Setiawan,fitria.setiawan@medika.co.id,Medan,North Sumatra,Senior Sales,2018-12-09,2,email+name,1,0.97,Territory Management; B2B Sales,self_reported,0.85,Product Knowledge; CRM Usage; Negotiation; Customer Relationship; Team Mentoring; Sales Forecasting,3,2,5,3.33,3,75,HIGH,LMS003; LMS004,0.91,False,
RKM-2925,EMP-2925,candidate_925,Dian Budiman,dian.budiman@medika.co.id,Yogyakarta,DIY,HR Officer,2023-10-27,4,email+name,1,0.97,Recruitment; Payroll Processing,title_inferred,0.45,Employee Relations; HR Information Systems; Labor Law; Training Coordination,,,4,4.0,1,67,HIGH,LMS010,0.71,True,skills_fully_inferred
RKM-2926,EMP-2926,candidate_926,Eko Laksana,eko.laksana@medika.co.id,Semarang,Central Java,HR Officer,2018-09-14,4,name+date,2,0.78,Recruitment; HR Information Systems; Labor Law; Employee Relations; Payroll Processing; Training Coordination,self_reported+lms,0.9,,,,3,3.0,1,0,LOW,,0.84,False,
RKM-2927,EMP-2927,candidate_927,Ayu Laksana,ayu.laksana@medika.co.id,Balikpapan,East Kalimantan,Medical Device Specialist,2023-05-23,8,email+name,1,0.97,Pharmaceutical Knowledge; Regulatory Compliance; Medical Device Knowledge,self_reported+lms,0.9,B2B Sales; Product Demonstration; Clinical Knowledge; Customer Relationship,,,3,3.0,1,67,HIGH,LMS003; LMS012,0.94,False,
RKM-2928,EMP-2928,candidate_928,Fitri Prasetyo,fitri.prasetyo@medika.co.id,Denpasar,Bali,Medical Device Specialist,2020-04-22,1,email+name,1,0.97,Product Demonstration; Negotiation; B2B Sales; Pharmaceutical Knowledge; Regulatory Compliance; Customer Relationship; Medical Device Knowledge,self_reported+lms,0.9,Clinical Knowledge,,,,,0,17,LOW,,0.94,False,
RKM-2929,EMP-2929,candidate_929,Teguh Halim,teguh.halim@medika.co.id,Surabaya,East Java,Warehouse Staff,2023-08-14,3,email+name,1,0.97,Inventory Management; Cold Chain Handling; Forklift Operation; Stock Opname; Safety Compliance,self_reported+lms,0.9,,,1,1,1.0,2,0,LOW,,0.94,False,
RKM-2930,EMP-2930,candidate_930,Dewi Kurniawan,dewi.kurniawan@medika.co.id,Palembang,South Sumatra,Finance Officer,2017-10-17,8,email+date,1,0.92,Financial Reporting; ERP Usage; Tax Compliance; Budget Analysis; Accounting; Audit Support,self_reported+lms,0.9,,,5.0,5.0,5.0,2,0,LOW,,0.91,False,
RKM-2931,EMP-2931,candidate_931,Hendro Setiawan,hendro.setiawan@medika.co.id,Medan,North Sumatra,Warehouse Staff,2023-08-03,3,email+name,1,0.97,Cold Chain Handling; Safety Compliance; Stock Opname; Inventory Management,self_reported+lms,0.9,Forklift Operation,,,5,5.0,1,20,LOW,,0.94,False,
RKM-2932,EMP-2932,candidate_932,Arif Hidayat,arif.hidayat@medika.co.id,Bandung,West Java,HR Officer,2022-12-03,8,email+name,1,0.97,Recruitment; Payroll Processing,title_inferred,0.45,Employee Relations; HR Information Systems; Labor Law; Training Coordination,4,5,1,3.33,3,67,HIGH,LMS010,0.71,True,skills_fully_inferred
RKM-2933,EMP-2933,candidate_933,Wulan Firmansyah,wulan.firmansyah@medika.co.id,Surabaya,East Java,Logistics Coordinator,2019-05-17,1,email+name,1,0.97,Documentation; Route Optimization; ERP Usage; Cold Chain Handling; Supply Chain Management; Safety Compliance; Vendor Management,self_reported+lms,0.9,,,,,,0,0,LOW,,0.94,False,
RKM-2934,EMP-2934,candidate_934,Sigit Laksana,sigit.laksana@medika.co.id,Balikpapan,East Kalimantan,Logistics Coordinator,2023-12-14,7,email+date,1,0.92,Documentation; Route Optimization; ERP Usage; Cold Chain Handling; Supply Chain Management; Vendor Management,self_reported,0.85,,3,3,2,2.67,3,0,LOW,,0.89,False,
RKM-2935,EMP-2935,candidate_935,Yuni Wijaya,yuni.wijaya@medika.co.id,Jakarta Pusat,DKI Jakarta,Finance Officer,2017-12-01,1,email+name,1,0.97,Financial Reporting; ERP Usage; Tax Compliance; Budget Analysis; Accounting,self_reported+lms,0.9,Audit Support,,,1,1.0,1,17,LOW,,0.94,False,
RKM-2936,EMP-2936,candidate_936,Elsa Susanto,elsa.susanto@medika.co.id,Semarang,Central Java,Warehouse Staff,2023-10-05,4,email+date,1,0.92,Inventory Management; Cold Chain Handling,title_inferred,0.45,Safety Compliance; Stock Opname; Forklift Operation,,2,2,2.0,2,60,MEDIUM,LMS006; LMS013,0.69,True,skills_fully_inferred
RKM-2937,EMP-2937,candidate_937,Fajar Firmansyah,fajar.firmansyah@medika.co.id,Denpasar,Bali,Pharmacist,2019-02-19,4,email+name,1,0.97,Inventory Management; Regulatory Compliance; Stock Opname; Pharmaceutical Knowledge,lms_inferred,0.68,Drug Interaction; Patient Counseling; Quality Control,,5.0,5.0,5.0,2,50,MEDIUM,,0.82,False,
RKM-2938,EMP-2938,candidate_938,Fitria Nugroho,fitria.nugroho@medika.co.id,Makassar,South Sulawesi,Pharmacist,2022-09-03,7,email+date,1,0.92,Stock Opname; Inventory Management,lms_inferred,0.68,Pharmaceutical Knowledge; Regulatory Compliance; Drug Interaction; Patient Counseling; Quality Control,,,,,0,83,HIGH,LMS011,0.8,False,
RKM-2939,EMP-2939,candidate_939,Toni Wibowo,toni.wibowo@medika.co.id,Denpasar,Bali,Senior Sales,2022-02-16,8,email+name,1,0.97,CRM Usage; Team Leadership; Team Mentoring; Territory Management; Customer Relationship,lms_inferred,0.68,B2B Sales; Product Knowledge; Negotiation; Sales Forecasting,3.8,3.8,2.5,3.37,3,50,MEDIUM,LMS003,0.82,False,
RKM-2940,EMP-2940,candidate_940,Prio Halim,prio.halim@medika.co.id,Bandung,West Java,Finance Officer,2022-06-29,4,email+date,1,0.92,Budget Analysis; Financial Reporting,lms_inferred,0.68,Accounting; Tax Compliance; ERP Usage; Audit Support,,,5,5.0,1,67,HIGH,,0.8,False,
RKM-2941,EMP-2941,candidate_941,Yusuf Saputra,yusuf.saputra@medika.co.id,Makassar,South Sulawesi,Warehouse Staff,2020-06-24,4,email+name,1,0.97,Inventory Management; Cold Chain Handling; Forklift Operation; Stock Opname; Safety Compliance,self_reported,0.85,,,,,,0,0,LOW,,0.91,False,
RKM-2942,EMP-2942,candidate_942,Yanti Wibowo,yanti.wibowo@medika.co.id,Medan,North Sumatra,Medical Device Specialist,2020-04-22,2,email+name,1,0.97,Product Demonstration; Negotiation; B2B Sales; Pharmaceutical Knowledge; Regulatory Compliance; Customer Relationship; Medical Device Knowledge,self_reported+lms,0.9,Clinical Knowledge,,,,,0,17,LOW,,0.94,False,
RKM-2943,EMP-2943,candidate_943,Yuni Pratama,yuni.pratama@medika.co.id,Palembang,South Sumatra,Pharmacist,2017-06-05,1,email+name,1,0.97,Patient Counseling; Inventory Management; Quality Control; Pharmaceutical Knowledge; Regulatory Compliance; Drug Interaction,self_reported+lms,0.9,,3.8,2.5,3.8,3.37,3,0,LOW,,0.94,False,
RKM-2944,EMP-2944,candidate_944,Indah Wijaya,indah.wijaya@medika.co.id,Palembang,South Sumatra,Sales Manager,2015-08-12,3,name+date,2,0.78,Strategic Planning; Team Leadership; B2B Sales; Budget Management; Sales Forecasting,self_reported,0.85,Negotiation; CRM Usage; Team Mentoring,3.8,5.0,5.0,4.6,3,38,MEDIUM,LMS003; LMS004,0.81,False,
RKM-2945,EMP-2945,candidate_945,Teguh Purnama,teguh.purnama@medika.co.id,Surabaya,East Java,Warehouse Supervisor,2015-09-25,8,email+date,1,0.92,Inventory Management; Cold Chain Handling; Stock Opname; Safety Compliance; Team Leadership; Team Mentoring,lms_inferred,0.68,Process Optimization,,4,5,4.5,2,17,LOW,,0.8,False,
RKM-2946,EMP-2946,candidate_946,Yanti Saputra,yanti.saputra@medika.co.id,Denpasar,Bali,Warehouse Supervisor,2018-06-04,1,fuzzy_name,4,0.38,Cold Chain Handling; Safety Compliance; Stock Opname; Inventory Management,self_reported+lms,0.9,Team Leadership; Process Optimization,,,,,0,33,LOW,LMS008,0.64,True,low_identity_confidence
RKM-2947,EMP-2947,candidate_947,Arif Halim,arif.halim@medika.co.id,Balikpapan,East Kalimantan,Finance Officer,2020-04-08,2,email+name,1,0.97,Financial Reporting; Accounting,self_reported,0.85,Tax Compliance; Budget Analysis; ERP Usage; Audit Support,2,3,2,2.33,3,67,HIGH,LMS009,0.91,False,
RKM-2948,EMP-2948,candidate_948,Elsa Hidayat,elsa.hidayat@medika.co.id,Palembang,South Sumatra,Warehouse Staff,2017-12-24,1,email+date,1,0.92,Cold Chain Handling; Safety Compliance; Stock Opname; Inventory Management,self_reported+lms,0.9,Forklift Operation,,3.8,5.0,4.4,2,20,LOW,,0.91,False,
RKM-2949,EMP-2949,candidate_949,Andi Halim,andi.halim@medika.co.id,Balikpapan,East Kalimantan,Pharmacist,2017-10-22,3,email+name,1,0.97,Stock Opname; Regulatory Compliance; Pharmaceutical Knowledge; Inventory Management,self_reported+lms,0.9,Drug Interaction; Patient Counseling; Quality Control,4,3,3,3.33,3,50,MEDIUM,,0.94,False,
RKM-2950,EMP-2950,candidate_950,Hendro Margono,hendro.margono@medika.co.id,Yogyakarta,DIY,HR Officer,2020-07-07,1,email+name,1,0.97,Recruitment; Payroll Processing,title_inferred,0.45,Employee Relations; HR Information Systems; Labor Law; Training Coordination,3,4,4,3.67,3,67,HIGH,LMS010,0.71,True,skills_fully_inferred
RKM-2951,EMP-2951,candidate_951,Andi Setiawan,andi.setiawan@medika.co.id,Denpasar,Bali,Senior Sales,2018-08-17,5,email+name,1,0.97,Negotiation; Team Leadership; B2B Sales; Team Mentoring; Territory Management; Customer Relationship,lms_inferred,0.68,Product Knowledge; CRM Usage; Sales Forecasting,,5.0,5.0,5.0,2,38,MEDIUM,LMS004,0.82,False,
RKM-2952,EMP-2952,candidate_952,Rizky Utama,rizky.utama@medika.co.id,Palembang,South Sumatra,Sales Manager,2022-10-31,8,email+date,1,0.92,Team Leadership; Team Mentoring,lms_inferred,0.68,B2B Sales; Sales Forecasting; Budget Management; Strategic Planning; Negotiation; CRM Usage,,5.0,1.2,3.1,2,75,HIGH,LMS003; LMS004,0.8,False,
RKM-2953,EMP-2953,candidate_953,Nur Wahyudi,nur.wahyudi@medika.co.id,Makassar,South Sulawesi,Medical Device Specialist,2023-01-14,5,email+name,1,0.97,Product Demonstration; Clinical Knowledge; Negotiation; B2B Sales; Pharmaceutical Knowledge; Regulatory Compliance; Customer Relationship; Medical Device Knowledge,self_reported+lms,0.9,,4,3,4,3.67,3,0,LOW,,0.94,False,
RKM-2954,EMP-2954,candidate_954,Yanti Laksana,yanti.laksana@medika.co.id,Medan,North Sumatra,Branch Manager,2020-06-28,7,email+name,1,0.97,Team Leadership; Strategic Planning; P&L Management; Team Mentoring,lms_inferred,0.68,Budget Management; Operations Management; Stakeholder Management,2,2,5,3.0,3,50,MEDIUM,,0.82,False,
RKM-2955,EMP-2955,candidate_955,Ani Wahyudi,ani.wahyudi@medika.co.id,Surabaya,East Java,Logistics Coordinator,2022-11-28,3,email+name,1,0.97,Route Optimization; Cold Chain Handling; Supply Chain Management; Safety Compliance; Vendor Management,self_reported+lms,0.9,Documentation; ERP Usage,4,1,5,3.33,3,33,LOW,,0.94,False,
RKM-2956,EMP-2956,candidate_956,Nur Susanto,nur.susanto@medika.co.id,Balikpapan,East Kalimantan,Medical Device Specialist,2020-04-07,1,email+name,1,0.97,Medical Device Knowledge; Regulatory Compliance,title_inferred,0.45,B2B Sales; Product Demonstration; Clinical Knowledge; Customer Relationship,2,3,3,2.67,3,67,HIGH,LMS003; LMS012,0.71,True,skills_fully_inferred
RKM-2957,EMP-2957,candidate_957,Ratna Gunawan,ratna.gunawan@medika.co.id,Yogyakarta,DIY,Senior Sales,2022-09-04,6,email+name,1,0.97,Territory Management; B2B Sales,self_reported,0.85,Product Knowledge; CRM Usage; Negotiation; Customer Relationship; Team Mentoring; Sales Forecasting,,,3,3.0,1,75,HIGH,LMS003; LMS004,0.91,False,
RKM-2958,EMP-2958,candidate_958,Dian Wibowo,dian.wibowo@medika.co.id,Surabaya,East Java,Warehouse Supervisor,2019-10-31,3,email+name,1,0.97,Inventory Management; Cold Chain Handling,title_inferred,0.45,Safety Compliance; Stock Opname; Team Leadership; Process Optimization,,4,5,4.5,2,67,HIGH,LMS006; LMS008,0.71,True,skills_fully_inferred
RKM-2959,EMP-2959,candidate_959,Hendro Setiawan,hendro.setiawan@medika.co.id,Bandung,West Java,Finance Officer,2020-02-26,7,email+name,1,0.97,Accounting; Financial Reporting,title_inferred,0.45,Tax Compliance; Budget Analysis; ERP Usage; Audit Support,,,,,0,67,HIGH,LMS009,0.71,True,skills_fully_inferred
RKM-2960,EMP-2960,candidate_960,Wulan Pratama,wulan.pratama@medika.co.id,Medan,North Sumatra,Finance Officer,2019-04-25,5,email+date,1,0.92,Budget Analysis; Financial Reporting; Tax Compliance; Accounting,self_reported,0.85,ERP Usage; Audit Support,4,3,1,2.67,3,33,LOW,,0.89,False,
RKM-2961,EMP-2961,candidate_961,Dian Rahayu,dian.rahayu@medika.co.id,Bandung,West Java,Branch Manager,2022-02-20,3,email+name,1,0.97,Strategic Planning; Team Leadership; Budget Management; Team Mentoring; P&L Management,self_reported+lms,0.9,Operations Management; Stakeholder Management,,,4,4.0,1,33,LOW,,0.94,False,
RKM-2962,EMP-2962,candidate_962,Andi Budiman,andi.budiman@medika.co.id,Makassar,South Sulawesi,Warehouse Supervisor,2019-08-29,2,email+name,1,0.97,Inventory Management; Cold Chain Handling; Stock Opname; Safety Compliance; Team Leadership; Team Mentoring,lms_inferred,0.68,Process Optimization,4,2,4,3.33,3,17,LOW,,0.82,False,
RKM-2963,EMP-2963,candidate_963,Vera Budiman,vera.budiman@medika.co.id,Jakarta Pusat,DKI Jakarta,Warehouse Staff,2022-07-25,6,email+name,1,0.97,Cold Chain Handling; Safety Compliance; Stock Opname; Inventory Management,lms_inferred,0.68,Forklift Operation,,,3,3.0,1,20,LOW,,0.82,False,
RKM-2964,EMP-2964,candidate_964,Bambang Wahyudi,bambang.wahyudi@medika.co.id,Makassar,South Sulawesi,Medical Device Specialist,2015-04-13,5,email+name,1,0.97,Negotiation; B2B Sales; Pharmaceutical Knowledge; Regulatory Compliance; Customer Relationship; Medical Device Knowledge,self_reported+lms,0.9,Product Demonstration; Clinical Knowledge,,,,,0,33,LOW,,0.94,False,
RKM-2965,EMP-2965,candidate_965,Agus Rahayu,agus.rahayu@medika.co.id,Denpasar,Bali,Senior Sales,2021-01-10,6,email+name,1,0.97,CRM Usage; Product Knowledge; Negotiation; Team Leadership; B2B Sales; Team Mentoring; Territory Management; Customer Relationship,self_reported+lms,0.9,Sales Forecasting,,5.0,5.0,5.0,2,12,LOW,,0.94,False,
RKM-2966,EMP-2966,candidate_966,Sari Rahayu,sari.rahayu@medika.co.id,Bandung,West Java,Finance Officer,2019-01-25,2,email+name,1,0.97,Budget Analysis; Financial Reporting,lms_inferred,0.68,Accounting; Tax Compliance; ERP Usage; Audit Support,,,,,0,67,HIGH,,0.82,False,
RKM-2967,EMP-2967,candidate_967,Hendro Halim,hendro.halim@medika.co.id,Bandung,West Java,Medical Device Specialist,2015-03-29,3,name_only,3,0.6,Negotiation; B2B Sales; Pharmaceutical Knowledge; Regulatory Compliance; Customer Relationship; Medical Device Knowledge,self_reported+lms,0.9,Product Demonstration; Clinical Knowledge,,,2,2.0,1,33,LOW,,0.75,False,
RKM-2968,EMP-2968,candidate_968,Fajar Adiputra,fajar.adiputra@medika.co.id,Jakarta Pusat,DKI Jakarta,IT Support,2016-12-15,7,email_only,2,0.85,IT Security,lms_inferred,0.68,Network Administration; Hardware Troubleshooting; Software Installation; Helpdesk Management,,,,,0,80,HIGH,,0.77,False,
RKM-2969,EMP-2969,candidate_969,Ani Susanto,ani.susanto@medika.co.id,Palembang,South Sumatra,Senior Sales,2020-05-04,7,email+name,1,0.97,CRM Usage; Product Knowledge; Negotiation; B2B Sales; Territory Management; Customer Relationship,self_reported+lms,0.9,Team Mentoring; Sales Forecasting,,,,,0,25,LOW,LMS008,0.94,False,
RKM-2970,EMP-2970,candidate_970,Desy Hakim,desy.hakim@medika.co.id,Makassar,South Sulawesi,Finance Officer,2019-12-22,2,name_only,3,0.6,Budget Analysis; Financial Reporting,lms_inferred,0.68,Accounting; Tax Compliance; ERP Usage; Audit Support,3,4,3,3.33,3,67,HIGH,,0.64,False,
RKM-2971,EMP-2971,candidate_971,Fitri Saputra,fitri.saputra@medika.co.id,Palembang,South Sumatra,Pharmacist,2020-01-24,8,email+name,1,0.97,Inventory Management; Regulatory Compliance; Stock Opname; Pharmaceutical Knowledge,lms_inferred,0.68,Drug Interaction; Patient Counseling; Quality Control,,,3.8,3.8,1,50,MEDIUM,,0.82,False,
RKM-2972,EMP-2972,candidate_972,Rina Susanto,rina.susanto@medika.co.id,Makassar,South Sulawesi,Senior Sales,2019-11-04,5,email+name,1,0.97,CRM Usage; Product Knowledge; Negotiation; B2B Sales; Territory Management; Customer Relationship,self_reported+lms,0.9,Team Mentoring; Sales Forecasting,3,2,5,3.33,3,25,LOW,LMS008,0.94,False,
RKM-2973,EMP-2973,candidate_973,Prio Prasetyo,prio.prasetyo@medika.co.id,Semarang,Central Java,Senior Sales,2017-05-21,1,name_only,3,0.6,Territory Management; B2B Sales; CRM Usage; Product Knowledge,self_reported,0.85,Negotiation; Customer Relationship; Team Mentoring; Sales Forecasting,5,2,4,3.67,3,50,MEDIUM,LMS003; LMS008,0.72,False,
RKM-2974,EMP-2974,candidate_974,Arif Setiawan,arif.setiawan@medika.co.id,Yogyakarta,DIY,Medical Device Specialist,2015-04-29,4,email+name,1,0.97,Customer Relationship,lms_inferred,0.68,Medical Device Knowledge; Regulatory Compliance; B2B Sales; Product Demonstration; Clinical Knowledge,,,,,0,83,HIGH,LMS002; LMS003,0.82,False,
RKM-2975,EMP-2975,candidate_975,Bayu Putra,bayu.putra@medika.co.id,Balikpapan,East Kalimantan,HR Officer,2016-10-06,2,email+name,1,0.97,Recruitment; Payroll Processing,self_reported,0.85,Employee Relations; HR Information Systems; Labor Law; Training Coordination,,,,,0,67,HIGH,LMS010,0.91,False,
RKM-2976,EMP-2976,candidate_976,Sigit Saputra,sigit.saputra@medika.co.id,Medan,North Sumatra,Finance Officer,2020-06-12,1,email+name,1,0.97,Budget Analysis; Financial Reporting; Tax Compliance; Accounting,self_reported+lms,0.9,ERP Usage; Audit Support,,,5,5.0,1,33,LOW,,0.94,False,
RKM-2977,EMP-2977,candidate_977,Gilang Wijaya,gilang.wijaya@medika.co.id,Bandung,West Java,HR Officer,2015-02-01,3,email+name,1,0.97,Recruitment; Payroll Processing,title_inferred,0.45,Employee Relations; HR Information Systems; Labor Law; Training Coordination,,,,,0,67,HIGH,LMS010,0.71,True,skills_fully_inferred
RKM-2978,EMP-2978,candidate_978,Desy Rahayu,desy.rahayu@medika.co.id,Balikpapan,East Kalimantan,IT Support,2020-08-11,7,email+name,1,0.97,Network Administration; Hardware Troubleshooting,title_inferred,0.45,Software Installation; IT Security; Helpdesk Management,,,3,3.0,1,60,MEDIUM,LMS015,0.71,True,skills_fully_inferred
RKM-2979,EMP-2979,candidate_979,Desy Gunawan,desy.gunawan@medika.co.id,Yogyakarta,DIY,HR Officer,2019-09-07,7,email_only,2,0.85,Recruitment; HR Information Systems; Labor Law; Employee Relations; Payroll Processing,self_reported+lms,0.9,Training Coordination,,,1,1.0,1,17,LOW,,0.88,False,
RKM-2980,EMP-2980,candidate_980,Heri Salim,heri.salim@medika.co.id,Palembang,South Sumatra,Senior Sales,2018-06-24,3,email+name,1,0.97,B2B Sales; Territory Management,title_inferred,0.45,Product Knowledge; CRM Usage; Negotiation; Customer Relationship; Team Mentoring; Sales Forecasting,,2.5,3.8,3.15,2,75,HIGH,LMS003; LMS004,0.71,True,skills_fully_inferred
RKM-2981,EMP-2981,candidate_981,Nur Setiawan,nur.setiawan@medika.co.id,Bandung,West Java,Senior Sales,2017-03-19,3,email+name,1,0.97,Territory Management; Team Leadership; Customer Relationship; Team Mentoring,lms_inferred,0.68,B2B Sales; Product Knowledge; CRM Usage; Negotiation; Sales Forecasting,5,5,3,4.33,3,62,HIGH,LMS003; LMS004,0.82,False,
RKM-2982,EMP-2982,candidate_982,Teguh Utama,teguh.utama@medika.co.id,Denpasar,Bali,Senior Sales,2022-01-30,2,name+date,2,0.78,CRM Usage; Product Knowledge; Negotiation; Team Leadership; B2B Sales; Team Mentoring; Territory Management; Customer Relationship,self_reported+lms,0.9,Sales Forecasting,,,3.8,3.8,1,12,LOW,,0.84,False,
RKM-2983,EMP-2983,candidate_983,Iwan Hartono,iwan.hartono@medika.co.id,Yogyakarta,DIY,Branch Manager,2020-03-10,2,email+name,1,0.97,Team Leadership; Strategic Planning; P&L Management; Team Mentoring,lms_inferred,0.68,Budget Management; Operations Management; Stakeholder Management,,5,2,3.5,2,50,MEDIUM,,0.82,False,
RKM-2984,EMP-2984,candidate_984,Rina Prasetyo,rina.prasetyo@medika.co.id,Semarang,Central Java,Pharmacist,2022-03-31,6,email+name,1,0.97,Patient Counseling; Inventory Management; Quality Control; Pharmaceutical Knowledge; Regulatory Compliance; Drug Interaction,self_reported,0.85,,,,3,3.0,1,0,LOW,,0.91,False,
RKM-2985,EMP-2985,candidate_985,Hendro Gunawan,hendro.gunawan@medika.co.id,Yogyakarta,DIY,Sales Representative,2018-10-02,2,email+name,1,0.97,CRM Usage; Negotiation; B2B Sales; Territory Management; Customer Relationship,lms_inferred,0.68,Product Knowledge,3,4,2,3.0,3,17,LOW,,0.82,False,
RKM-2986,EMP-2986,candidate_986,Ayu Gunawan,ayu.gunawan@medika.co.id,Medan,North Sumatra,IT Support,2023-11-17,4,email+date,1,0.92,Network Administration; IT Security; Hardware Troubleshooting,self_reported+lms,0.9,Software Installation; Helpdesk Management,,,,,0,40,MEDIUM,,0.91,False,
RKM-2987,EMP-2987,candidate_987,Dedi Rahayu,dedi.rahayu@medika.co.id,Semarang,Central Java,Finance Officer,2016-07-17,3,name_only,3,0.6,Financial Reporting; ERP Usage; Tax Compliance; Budget Analysis; Accounting; Audit Support,self_reported,0.85,,,5,2,3.5,2,0,LOW,,0.72,False,
RKM-2988,EMP-2988,candidate_988,Fitria Halim,fitria.halim@medika.co.id,Jakarta Pusat,DKI Jakarta,Pharmacist,2016-11-09,8,email+date,1,0.92,Stock Opname; Inventory Management,lms_inferred,0.68,Pharmaceutical Knowledge; Regulatory Compliance; Drug Interaction; Patient Counseling; Quality Control,4,2,5,3.67,3,83,HIGH,LMS011,0.8,False,
RKM-2989,EMP-2989,candidate_989,Vera Permana,vera.permana@medika.co.id,Bandung,West Java,Logistics Coordinator,2019-12-10,8,email+name,1,0.97,Supply Chain Management; Route Optimization; Vendor Management,self_reported+lms,0.9,Cold Chain Handling; Documentation; ERP Usage,,,,,0,50,MEDIUM,LMS001; LMS006,0.94,False,
RKM-2990,EMP-2990,candidate_990,Agus Suryadi,agus.suryadi@medika.co.id,Semarang,Central Java,IT Support,2020-10-14,7,email+name,1,0.97,Network Administration; Hardware Troubleshooting,title_inferred,0.45,Software Installation; IT Security; Helpdesk Management,1,2,4,2.33,3,60,MEDIUM,LMS015,0.71,True,skills_fully_inferred
RKM-2991,EMP-2991,candidate_991,Iwan Wibowo,iwan.wibowo@medika.co.id,Surabaya,East Java,HR Officer,2017-08-23,3,fuzzy_name,4,0.38,Recruitment; HR Information Systems; Employee Relations; Payroll Processing,self_reported,0.85,Labor Law; Training Coordination,,,,,0,33,LOW,,0.61,True,low_identity_confidence
RKM-2992,EMP-2992,candidate_992,Putri Santoso,putri.santoso@medika.co.id,Denpasar,Bali,Finance Officer,2015-11-21,7,email+name,1,0.97,Financial Reporting; ERP Usage; Tax Compliance; Budget Analysis; Accounting; Audit Support,self_reported+lms,0.9,,2.5,3.8,1.2,2.5,3,0,LOW,,0.94,False,
RKM-2993,EMP-2993,candidate_993,Eko Purnama,eko.purnama@medika.co.id,Yogyakarta,DIY,Finance Officer,2020-08-09,2,email+date,1,0.92,Budget Analysis; Financial Reporting; Tax Compliance; Accounting,self_reported+lms,0.9,ERP Usage; Audit Support,,2,5,3.5,2,33,LOW,,0.91,False,
RKM-2994,EMP-2994,candidate_994,Eko Prasetyo,eko.prasetyo@medika.co.id,Palembang,South Sumatra,Logistics Coordinator,2021-02-06,6,email+name,1,0.97,Cold Chain Handling; Safety Compliance; Supply Chain Management,lms_inferred,0.68,Route Optimization; Vendor Management; Documentation; ERP Usage,,,1.2,1.2,1,67,HIGH,,0.82,False,
RKM-2995,EMP-2995,candidate_995,Sigit Gunawan,sigit.gunawan@medika.co.id,Bandung,West Java,Pharmacist,2016-02-29,8,email+name,1,0.97,Stock Opname; Pharmaceutical Knowledge; Regulatory Compliance; Inventory Management,lms_inferred,0.68,Drug Interaction; Patient Counseling; Quality Control,4,4,2,3.33,3,50,MEDIUM,,0.82,False,
RKM-2996,EMP-2996,candidate_996,Dedi Wijaya,dedi.wijaya@medika.co.id,Surabaya,East Java,Warehouse Supervisor,2023-11-15,2,email+name,1,0.97,Inventory Management; Stock Opname; Cold Chain Handling; Safety Compliance; Team Leadership; Team Mentoring,lms_inferred,0.68,Process Optimization,,,1,1.0,1,17,LOW,,0.82,False,
RKM-2997,EMP-2997,candidate_997,Heri Budiman,heri.budiman@medika.co.id,Semarang,Central Java,HR Officer,2019-12-07,5,email+name,1,0.97,Recruitment; HR Information Systems; Labor Law; Employee Relations; Payroll Processing,self_reported+lms,0.9,Training Coordination,4,1,4,3.0,3,17,LOW,,0.94,False,
RKM-2998,EMP-2998,candidate_998,Rina Putra,rina.putra@medika.co.id,Semarang,Central Java,Senior Sales,2022-05-31,7,email+name,1,0.97,CRM Usage; Product Knowledge; Negotiation; Team Leadership; B2B Sales; Team Mentoring; Territory Management,self_reported+lms,0.9,Customer Relationship; Sales Forecasting,3,1,1,1.67,3,25,LOW,LMS012,0.94,False,
RKM-2999,EMP-2999,candidate_999,Ani Laksana,ani.laksana@medika.co.id,Semarang,Central Java,IT Support,2016-10-17,7,email+date,1,0.92,Network Administration; Software Installation; Hardware Troubleshooting,self_reported,0.85,IT Security; Helpdesk Management,,,,,0,40,MEDIUM,LMS015,0.89,False,
RKM-3000,EMP-3000,candidate_1000,Gilang Hidayat,gilang.hidayat@medika.co.id,Yogyakarta,DIY,Sales Representative,2022-08-13,1,email+name,1,0.97,Territory Management,lms_inferred,0.68,B2B Sales; Product Knowledge; CRM Usage; Negotiation; Customer Relationship,,,3,3.0,1,83,HIGH,LMS003; LMS004,0.82,False,
RKM-3001,EMP-3001,candidate_1001,Nita Hartono,nita.hartono@medika.co.id,Jakarta Pusat,DKI Jakarta,Finance Officer,2021-04-19,3,email+name,1,0.97,Financial Reporting; ERP Usage; Tax Compliance; Budget Analysis; Accounting,self_reported,0.85,Audit Support,,,,,0,17,LOW,,0.91,False,
RKM-3002,EMP-3002,candidate_1002,Vera Salim,vera.salim@medika.co.id,Denpasar,Bali,Senior Sales,2018-08-02,8,email+name,1,0.97,CRM Usage; Customer Relationship,lms_inferred,0.68,B2B Sales; Territory Management; Product Knowledge; Negotiation; Team Mentoring; Sales Forecasting,2.5,1.2,2.5,2.07,3,75,HIGH,LMS003; LMS005,0.82,False,
RKM-3003,EMP-3003,candidate_1003,Lia Permana,lia.permana@medika.co.id,Surabaya,East Java,Logistics Coordinator,2019-02-20,6,name+date,2,0.78,Cold Chain Handling; Supply Chain Management; Route Optimization; Safety Compliance,self_reported+lms,0.9,Vendor Management; Documentation; ERP Usage,,4,5,4.5,2,50,MEDIUM,,0.84,False,
RKM-3004,EMP-3004,candidate_1004,Bayu Laksana,bayu.laksana@medika.co.id,Makassar,South Sulawesi,Finance Officer,2020-10-20,5,email+name,1,0.97,Financial Reporting; Tax Compliance; Accounting,self_reported,0.85,Budget Analysis; ERP Usage; Audit Support,,,5,5.0,1,50,MEDIUM,LMS009,0.91,False,
RKM-3005,EMP-3005,candidate_1005,Andi Hakim,andi.hakim@medika.co.id,Jakarta Pusat,DKI Jakarta,Sales Manager,2022-12-15,3,email+name,1,0.97,CRM Usage; Strategic Planning; Negotiation; Team Leadership; B2B Sales; Budget Management; Team Mentoring; Sales Forecasting,self_reported+lms,0.9,,,,5,5.0,1,0,LOW,,0.94,False,
RKM-3006,EMP-3006,candidate_1006,Nur Kusuma,nur.kusuma@medika.co.id,Yogyakarta,DIY,Branch Manager,2022-05-22,7,email+name,1,0.97,Team Leadership; Strategic Planning,self_reported,0.85,Budget Management; Operations Management; Stakeholder Management; P&L Management,,,,,0,67,HIGH,LMS014,0.91,False,
RKM-3007,EMP-3007,candidate_1007,Siti Wahyudi,siti.wahyudi@medika.co.id,Yogyakarta,DIY,Medical Device Specialist,2022-01-12,8,email+name,1,0.97,Negotiation; B2B Sales; Pharmaceutical Knowledge; Regulatory Compliance; Medical Device Knowledge,lms_inferred,0.68,Product Demonstration; Clinical Knowledge; Customer Relationship,,2,4,3.0,2,50,MEDIUM,LMS012,0.82,False,
RKM-3008,EMP-3008,candidate_1008,Gilang Hidayat,gilang.hidayat@medika.co.id,Bandung,West Java,Logistics Coordinator,2018-07-04,8,email+name,1,0.97,Cold Chain Handling; Safety Compliance; Supply Chain Management,lms_inferred,0.68,Route Optimization; Vendor Management; Documentation; ERP Usage,,,4,4.0,1,67,HIGH,,0.82,False,
RKM-3009,EMP-3009,candidate_1009,Agus Wijaya,agus.wijaya@medika.co.id,Bandung,West Java,Sales Manager,2018-04-03,8,email+name,1,0.97,Negotiation; Team Leadership; B2B Sales; Team Mentoring; Sales Forecasting,self_reported+lms,0.9,Budget Management; Strategic Planning; CRM Usage,4,5,4,4.33,3,38,MEDIUM,LMS004; LMS014,0.94,False,
RKM-3010,EMP-3010,candidate_1010,Heri Prasetyo,heri.prasetyo@medika.co.id,Surabaya,East Java,Senior Sales,2020-02-16,6,email+name,1,0.97,CRM Usage; Team Leadership; Customer Relationship; Team Mentoring,lms_inferred,0.68,B2B Sales; Territory Management; Product Knowledge; Negotiation; Sales Forecasting,,1,4,2.5,2,62,HIGH,LMS003; LMS005,0.82,False,
RKM-3011,EMP-3011,candidate_1011,Ahmad Hartono,ahmad.hartono@medika.co.id,Balikpapan,East Kalimantan,Logistics Coordinator,2015-07-29,6,email+date,1,0.92,Cold Chain Handling; Supply Chain Management; Safety Compliance,lms_inferred,0.68,Route Optimization; Vendor Management; Documentation; ERP Usage,,,,,0,67,HIGH,,0.8,False,
RKM-3012,EMP-3012,candidate_1012,Reza Firmansyah,reza.firmansyah@medika.co.id,Semarang,Central Java,IT Support,2016-08-13,6,name_only,3,0.6,IT Security,lms_inferred,0.68,Network Administration; Hardware Troubleshooting; Software Installation; Helpdesk Management,,2,5,3.5,2,80,HIGH,,0.64,False,
RKM-3013,EMP-3013,candidate_1013,Putri Budiman,putri.budiman@medika.co.id,Jakarta Pusat,DKI Jakarta,HR Officer,2018-05-10,5,email+name,1,0.97,Recruitment; HR Information Systems; Labor Law; Employee Relations; Payroll Processing; Training Coordination,self_reported+lms,0.9,,3,3,1,2.33,3,0,LOW,,0.94,False,
RKM-3014,EMP-3014,candidate_1014,Teguh Setiawan,teguh.setiawan@medika.co.id,Surabaya,East Java,Branch Manager,2022-05-09,1,email+name,1,0.97,Operations Management; Strategic Planning; Stakeholder Management; Team Leadership; Budget Management; Team Mentoring; P&L Management,self_reported+lms,0.9,,,5,4,4.5,2,0,LOW,,0.94,False,
RKM-3015,EMP-3015,candidate_1015,Sri Pratama,sri.pratama@medika.co.id,Yogyakarta,DIY,Pharmacist,2015-03-19,7,email+name,1,0.97,Stock Opname; Pharmaceutical Knowledge; Regulatory Compliance; Inventory Management,lms_inferred,0.68,Drug Interaction; Patient Counseling; Quality Control,,5,2,3.5,2,50,MEDIUM,,0.82,False,
RKM-3016,EMP-3016,candidate_1016,Bayu Hakim,bayu.hakim@medika.co.id,Semarang,Central Java,Sales Manager,2020-12-23,5,email+name,1,0.97,CRM Usage; Strategic Planning; Negotiation; Team Leadership; B2B Sales; Budget Management; Sales Forecasting; P&L Management,self_reported+lms,0.9,Team Mentoring,3,5,3,3.67,3,12,LOW,LMS008,0.94,False,
RKM-3017,EMP-3017,candidate_1017,Desy Wahyudi,desy.wahyudi@medika.co.id,Bandung,West Java,Pharmacist,2018-07-22,3,email+name,1,0.97,Patient Counseling; Regulatory Compliance; Pharmaceutical Knowledge; Drug Interaction,self_reported,0.85,Inventory Management; Quality Control,,5,4,4.5,2,33,LOW,LMS013,0.91,False,
RKM-3018,EMP-3018,candidate_1018,Rizky Suryadi,rizky.suryadi@medika.co.id,Medan,North Sumatra,Sales Representative,2015-11-20,4,email+name,1,0.97,CRM Usage; Product Knowledge; Negotiation; B2B Sales; Territory Management; Customer Relationship,self_reported+lms,0.9,,,,,,0,0,LOW,,0.94,False,
RKM-3019,EMP-3019,candidate_1019,Sigit Tanjung,sigit.tanjung@medika.co.id,Bandung,West Java,Sales Representative,2020-12-15,4,email_only,2,0.85,Territory Management; B2B Sales; Product Knowledge,self_reported,0.85,CRM Usage; Negotiation; Customer Relationship,2,4,4,3.33,3,50,MEDIUM,LMS003; LMS004,0.85,False,
RKM-3020,EMP-3020,candidate_1020,Rizky Gunawan,rizky.gunawan@medika.co.id,Medan,North Sumatra,Logistics Coordinator,2015-08-31,5,email+date,1,0.92,Cold Chain Handling; Supply Chain Management; Route Optimization; Safety Compliance,self_reported+lms,0.9,Vendor Management; Documentation; ERP Usage,2,1,4,2.33,3,50,MEDIUM,,0.91,False,
RKM-3021,EMP-3021,candidate_1021,Wulan Permana,wulan.permana@medika.co.id,Surabaya,East Java,Sales Representative,2021-10-04,8,email+name,1,0.97,CRM Usage; Product Knowledge; Negotiation; B2B Sales; Territory Management; Customer Relationship,self_reported+lms,0.9,,,,1,1.0,1,0,LOW,,0.94,False,
RKM-3022,EMP-3022,candidate_1022,Yuni Santoso,yuni.santoso@medika.co.id,Medan,North Sumatra,Pharmacist,2023-04-06,3,email+name,1,0.97,Stock Opname; Pharmaceutical Knowledge; Regulatory Compliance; Inventory Management,lms_inferred,0.68,Drug Interaction; Patient Counseling; Quality Control,,1,4,2.5,2,50,MEDIUM,,0.82,False,
RKM-3023,EMP-3023,candidate_1023,Ratna Santoso,ratna.santoso@medika.co.id,Denpasar,Bali,Logistics Coordinator,2017-12-04,2,email+name,1,0.97,Supply Chain Management; Route Optimization,title_inferred,0.45,Vendor Management; Cold Chain Handling; Documentation; ERP Usage,,,3.8,3.8,1,67,HIGH,LMS001; LMS006,0.71,True,skills_fully_inferred
RKM-3024,EMP-3024,candidate_1024,Hendra Hartono,hendra.hartono@medika.co.id,Denpasar,Bali,Warehouse Supervisor,2022-09-11,3,email+name,1,0.97,Inventory Management; Cold Chain Handling,title_inferred,0.45,Safety Compliance; Stock Opname; Team Leadership; Process Optimization,,3.8,3.8,3.8,2,67,HIGH,LMS006; LMS008,0.71,True,skills_fully_inferred
RKM-3025,EMP-3025,candidate_1025,Bayu Budiman,bayu.budiman@medika.co.id,Denpasar,Bali,Sales Manager,2021-10-17,2,email+name,1,0.97,CRM Usage; Strategic Planning; Negotiation; Team Leadership; B2B Sales; Budget Management; Team Mentoring; Sales Forecasting,self_reported+lms,0.9,,,1.2,5.0,3.1,2,0,LOW,,0.94,False,
RKM-3026,EMP-3026,candidate_1026,Dewi Margono,dewi.margono@medika.co.id,Yogyakarta,DIY,Senior Sales,2021-02-21,1,email+name,1,0.97,Negotiation; Team Leadership; B2B Sales; Team Mentoring; Territory Management; Customer Relationship,lms_inferred,0.68,Product Knowledge; CRM Usage; Sales Forecasting,,4,1,2.5,2,38,MEDIUM,LMS004,0.82,False,
RKM-3027,EMP-3027,candidate_1027,Iwan Saputra,iwan.saputra@medika.co.id,Denpasar,Bali,Sales Manager,2020-02-15,2,email+name,1,0.97,B2B Sales; Sales Forecasting,title_inferred,0.45,Team Leadership; Budget Management; Strategic Planning; Negotiation; CRM Usage; Team Mentoring,,,1.2,1.2,1,75,HIGH,LMS003; LMS004,0.71,True,skills_fully_inferred
RKM-3028,EMP-3028,candidate_1028,Dian Suryadi,dian.suryadi@medika.co.id,Surabaya,East Java,HR Officer,2015-09-19,7,email+date,1,0.92,Recruitment; HR Information Systems; Employee Relations; Payroll Processing,self_reported+lms,0.9,Labor Law; Training Coordination,4,3,4,3.67,3,33,LOW,,0.91,False,
RKM-3029,EMP-3029,candidate_1029,Sigit Salim,sigit.salim@medika.co.id,Makassar,South Sulawesi,Medical Device Specialist,2021-01-17,4,email_only,2,0.85,Medical Device Knowledge,lms_inferred,0.68,Regulatory Compliance; B2B Sales; Product Demonstration; Clinical Knowledge; Customer Relationship,4,3,2,3.0,3,83,HIGH,LMS003; LMS011,0.77,False,
RKM-3030,EMP-3030,candidate_1030,Dian Hidayat,dian.hidayat@medika.co.id,Bandung,West Java,Finance Officer,2018-02-03,8,email_only,2,0.85,Financial Reporting; Accounting,self_reported,0.85,Tax Compliance; Budget Analysis; ERP Usage; Audit Support,,,,,0,67,HIGH,LMS009,0.85,False,
RKM-3031,EMP-3031,candidate_1031,Desy Salim,desy.salim@medika.co.id,Yogyakarta,DIY,Medical Device Specialist,2015-07-19,6,email+name,1,0.97,Medical Device Knowledge; Regulatory Compliance,title_inferred,0.45,B2B Sales; Product Demonstration; Clinical Knowledge; Customer Relationship,,,,,0,67,HIGH,LMS003; LMS012,0.71,True,skills_fully_inferred
RKM-3032,EMP-3032,candidate_1032,Fitria Laksana,fitria.laksana@medika.co.id,Yogyakarta,DIY,Branch Manager,2018-08-06,1,email+name,1,0.97,Team Leadership; Team Mentoring,lms_inferred,0.68,Strategic Planning; Budget Management; Operations Management; Stakeholder Management; P&L Management,,5,2,3.5,2,83,HIGH,LMS014,0.82,False,
RKM-3033,EMP-3033,candidate_1033,Sigit Hartono,sigit.hartono@medika.co.id,Semarang,Central Java,Medical Device Specialist,2023-10-24,3,email+name,1,0.97,Customer Relationship,lms_inferred,0.68,Medical Device Knowledge; Regulatory Compliance; B2B Sales; Product Demonstration; Clinical Knowledge,,,,,0,83,HIGH,LMS002; LMS003,0.82,False,
RKM-3034,EMP-3034,candidate_1034,Lia Saputra,lia.saputra@medika.co.id,Denpasar,Bali,Sales Representative,2019-09-03,7,email+date,1,0.92,B2B Sales; Territory Management,title_inferred,0.45,Product Knowledge; CRM Usage; Negotiation; Customer Relationship,3.8,1.2,2.5,2.5,3,67,HIGH,LMS003; LMS004,0.69,True,skills_fully_inferred
RKM-3035,EMP-3035,candidate_1035,Ahmad Salim,ahmad.salim@medika.co.id,Yogyakarta,DIY,Branch Manager,2015-10-26,8,email+name,1,0.97,Team Leadership; Strategic Planning,title_inferred,0.45,Budget Management; Operations Management; Stakeholder Management; P&L Management,,,,,0,67,HIGH,LMS014,0.71,True,skills_fully_inferred
RKM-3036,EMP-3036,candidate_1036,Gilang Suryadi,gilang.suryadi@medika.co.id,Bandung,West Java,Pharmacist,2017-04-17,2,email+name,1,0.97,Stock Opname; Inventory Management,lms_inferred,0.68,Pharmaceutical Knowledge; Regulatory Compliance; Drug Interaction; Patient Counseling; Quality Control,,,3,3.0,1,83,HIGH,LMS011,0.82,False,
RKM-3037,EMP-3037,candidate_1037,Fitri Wibowo,fitri.wibowo@medika.co.id,Denpasar,Bali,Logistics Coordinator,2018-07-05,7,email+name,1,0.97,Cold Chain Handling; Supply Chain Management; Safety Compliance,lms_inferred,0.68,Route Optimization; Vendor Management; Documentation; ERP Usage,,,2.5,2.5,1,67,HIGH,,0.82,False,
RKM-3038,EMP-3038,candidate_1038,Maya Kurniawan,maya.kurniawan@medika.co.id,Yogyakarta,DIY,Warehouse Staff,2022-05-05,3,email+name,1,0.97,Inventory Management; Cold Chain Handling; Forklift Operation; Stock Opname; Safety Compliance,self_reported+lms,0.9,,,,,,0,0,LOW,,0.94,False,
RKM-3039,EMP-3039,candidate_1039,Dewi Prasetyo,dewi.prasetyo@medika.co.id,Palembang,South Sumatra,Medical Device Specialist,2015-05-19,4,fuzzy_name,4,0.38,B2B Sales; Negotiation,lms_inferred,0.68,Medical Device Knowledge; Regulatory Compliance; Product Demonstration; Clinical Knowledge; Customer Relationship,,,,,0,83,HIGH,LMS002; LMS011,0.53,True,low_identity_confidence; overall_confidence_below_threshold
RKM-3040,EMP-3040,candidate_1040,Reza Wijaya,reza.wijaya@medika.co.id,Palembang,South Sumatra,Finance Officer,2021-12-05,5,email+name,1,0.97,Financial Reporting; Accounting,self_reported,0.85,Tax Compliance; Budget Analysis; ERP Usage; Audit Support,,5.0,1.2,3.1,2,67,HIGH,LMS009,0.91,False,
RKM-3041,EMP-3041,candidate_1041,Arif Laksana,arif.laksana@medika.co.id,Surabaya,East Java,IT Support,2019-10-30,5,name+date,2,0.78,Network Administration; Hardware Troubleshooting,title_inferred,0.45,Software Installation; IT Security; Helpdesk Management,,,,,0,60,MEDIUM,LMS015,0.61,True,skills_fully_inferred
RKM-3042,EMP-3042,candidate_1042,Reza Hartono,reza.hartono@medika.co.id,Balikpapan,East Kalimantan,Senior Sales,2020-02-24,7,email+name,1,0.97,CRM Usage; Sales Forecasting; Product Knowledge; Negotiation; B2B Sales; Team Mentoring; Territory Management; Customer Relationship,self_reported,0.85,,,2,5,3.5,2,0,LOW,,0.91,False,
RKM-3043,EMP-3043,candidate_1043,Teguh Wijaya,teguh.wijaya@medika.co.id,Balikpapan,East Kalimantan,IT Support,2022-02-21,1,email_only,2,0.85,Network Administration; Hardware Troubleshooting,title_inferred,0.45,Software Installation; IT Security; Helpdesk Management,5,4,4,4.33,3,60,MEDIUM,LMS015,0.65,True,skills_fully_inferred
RKM-3044,EMP-3044,candidate_1044,Indah Tanjung,indah.tanjung@medika.co.id,Makassar,South Sulawesi,Medical Device Specialist,2021-02-02,6,fuzzy_name,4,0.38,Customer Relationship,lms_inferred,0.68,Medical Device Knowledge; Regulatory Compliance; B2B Sales; Product Demonstration; Clinical Knowledge,4,4,3,3.67,3,83,HIGH,LMS002; LMS003,0.53,True,low_identity_confidence; overall_confidence_below_threshold
RKM-3045,EMP-3045,candidate_1045,Wahyu Adiputra,wahyu.adiputra@medika.co.id,Balikpapan,East Kalimantan,Pharmacist,2022-09-24,1,email+name,1,0.97,Regulatory Compliance; Pharmaceutical Knowledge,lms_inferred,0.68,Drug Interaction; Patient Counseling; Inventory Management; Quality Control,4,3,3,3.33,3,67,HIGH,LMS013,0.82,False,
RKM-3046,EMP-3046,candidate_1046,Maya Rahayu,maya.rahayu@medika.co.id,Medan,North Sumatra,Finance Officer,2018-12-28,3,email+name,1,0.97,Financial Reporting; ERP Usage; Tax Compliance; Budget Analysis; Accounting,self_reported,0.85,Audit Support,3,2,1,2.0,3,17,LOW,,0.91,False,
RKM-3047,EMP-3047,candidate_1047,Hendro Hidayat,hendro.hidayat@medika.co.id,Balikpapan,East Kalimantan,Pharmacist,2023-04-18,7,name+date,2,0.78,Patient Counseling; Inventory Management; Stock Opname; Pharmaceutical Knowledge; Regulatory Compliance; Drug Interaction,self_reported+lms,0.9,Quality Control,,,,,0,17,LOW,,0.84,False,
RKM-3048,EMP-3048,candidate_1048,Lia Prasetyo,lia.prasetyo@medika.co.id,Denpasar,Bali,IT Support,2019-07-30,3,name_only,3,0.6,Network Administration; IT Security; Software Installation; Hardware Troubleshooting,self_reported+lms,0.9,Helpdesk Management,,,5.0,5.0,1,20,LOW,,0.75,False,
RKM-3049,EMP-3049,candidate_1049,Wahyu Setiawan,wahyu.setiawan@medika.co.id,Balikpapan,East Kalimantan,Sales Manager,2018-05-18,4,email_only,2,0.85,B2B Sales; Sales Forecasting,title_inferred,0.45,Team Leadership; Budget Management; Strategic Planning; Negotiation; CRM Usage; Team Mentoring,,,4,4.0,1,75,HIGH,LMS003; LMS004,0.65,True,skills_fully_inferred
RKM-3050,EMP-3050,candidate_1050,Wahyu Nugroho,wahyu.nugroho@medika.co.id,Denpasar,Bali,Senior Sales,2015-01-28,4,email+name,1,0.97,CRM Usage; Product Knowledge; Team Leadership; B2B Sales; Team Mentoring; Territory Management; Customer Relationship,self_reported+lms,0.9,Negotiation; Sales Forecasting,2.5,3.8,3.8,3.37,3,25,LOW,LMS003,0.94,False,
RKM-3051,EMP-3051,candidate_1051,Yuni Hartono,yuni.hartono@medika.co.id,Denpasar,Bali,Logistics Coordinator,2018-07-31,1,email+name,1,0.97,Cold Chain Handling; Safety Compliance; Supply Chain Management,lms_inferred,0.68,Route Optimization; Vendor Management; Documentation; ERP Usage,,,,,0,67,HIGH,,0.82,False,
RKM-3052,EMP-3052,candidate_1052,Fitri Utama,fitri.utama@medika.co.id,Denpasar,Bali,Pharmacist,2023-12-12,7,email+name,1,0.97,Regulatory Compliance; Pharmaceutical Knowledge,lms_inferred,0.68,Drug Interaction; Patient Counseling; Inventory Management; Quality Control,,2.5,3.8,3.15,2,67,HIGH,LMS013,0.82,False,
RKM-3053,EMP-3053,candidate_1053,Gilang Wahyudi,gilang.wahyudi@medika.co.id,Makassar,South Sulawesi,Finance Officer,2021-07-12,4,email+name,1,0.97,Financial Reporting; ERP Usage; Tax Compliance; Budget Analysis; Accounting; Audit Support,self_reported,0.85,,4,2,3,3.0,3,0,LOW,,0.91,False,
RKM-3054,EMP-3054,candidate_1054,Elsa Halim,elsa.halim@medika.co.id,Semarang,Central Java,Sales Manager,2015-07-01,4,email+name,1,0.97,Strategic Planning; Negotiation; Team Leadership; B2B Sales; Budget Management; Team Mentoring; Sales Forecasting; P&L Management,self_reported+lms,0.9,CRM Usage,,,5,5.0,1,12,LOW,LMS004,0.94,False,
RKM-3055,EMP-3055,candidate_1055,Heri Utama,heri.utama@medika.co.id,Denpasar,Bali,Logistics Coordinator,2023-08-30,6,email+name,1,0.97,Documentation; Route Optimization; Cold Chain Handling; Supply Chain Management; Vendor Management,self_reported,0.85,ERP Usage,,,1.2,1.2,1,17,LOW,,0.91,False,
RKM-3056,EMP-3056,candidate_1056,Bayu Adiputra,bayu.adiputra@medika.co.id,Medan,North Sumatra,Logistics Coordinator,2017-04-27,6,name+date,2,0.78,Documentation; Route Optimization; Cold Chain Handling; Supply Chain Management; Safety Compliance; Vendor Management,self_reported+lms,0.9,ERP Usage,,,,,0,17,LOW,,0.84,False,
RKM-3057,EMP-3057,candidate_1057,Hendra Hakim,hendra.hakim@medika.co.id,Makassar,South Sulawesi,Medical Device Specialist,2023-04-22,1,email+name,1,0.97,Product Demonstration; Clinical Knowledge; B2B Sales; Regulatory Compliance; Customer Relationship; Medical Device Knowledge,self_reported+lms,0.9,,,4,2,3.0,2,0,LOW,,0.94,False,
RKM-3058,EMP-3058,candidate_1058,Sari Permana,sari.permana@medika.co.id,Yogyakarta,DIY,Warehouse Staff,2019-10-26,8,email+name,1,0.97,Cold Chain Handling; Inventory Management,self_reported,0.85,Safety Compliance; Stock Opname; Forklift Operation,5,2,3,3.33,3,60,MEDIUM,LMS006; LMS013,0.91,False,
RKM-3059,EMP-3059,candidate_1059,Sigit Salim,sigit.salim@medika.co.id,Makassar,South Sulawesi,Warehouse Supervisor,2020-06-27,2,email+name,1,0.97,Inventory Management; Cold Chain Handling; Stock Opname; Safety Compliance; Process Optimization; Team Leadership,self_reported,0.85,,,,3,3.0,1,0,LOW,,0.91,False,
RKM-3060,EMP-3060,candidate_1060,Sri Rahayu,sri.rahayu@medika.co.id,Jakarta Pusat,DKI Jakarta,Logistics Coordinator,2018-06-04,3,email+name,1,0.97,Supply Chain Management,lms_inferred,0.68,Route Optimization; Vendor Management; Cold Chain Handling; Documentation; ERP Usage,,,2,2.0,1,83,HIGH,LMS001; LMS006,0.82,False,
RKM-3061,EMP-3061,candidate_1061,Wahyu Kusuma,wahyu.kusuma@medika.co.id,Denpasar,Bali,Warehouse Supervisor,2018-07-12,8,email+name,1,0.97,Inventory Management; Cold Chain Handling; Stock Opname; Safety Compliance; Team Leadership,self_reported+lms,0.9,Process Optimization,5.0,5.0,5.0,5.0,3,17,LOW,,0.94,False,
RKM-3062,EMP-3062,candidate_1062,Prio Santoso,prio.santoso@medika.co.id,Jakarta Pusat,DKI Jakarta,Senior Sales,2023-12-04,6,email+name,1,0.97,Product Knowledge; Team Leadership; B2B Sales; Team Mentoring; Territory Management; Customer Relationship,self_reported+lms,0.9,CRM Usage; Negotiation; Sales Forecasting,,5,1,3.0,2,38,MEDIUM,LMS003; LMS004,0.94,False,
RKM-3063,EMP-3063,candidate_1063,Rudi Budiman,rudi.budiman@medika.co.id,Palembang,South Sumatra,Sales Representative,2019-12-13,4,name+date,2,0.78,CRM Usage; Product Knowledge; Negotiation; B2B Sales; Territory Management,self_reported+lms,0.9,Customer Relationship,,,1.2,1.2,1,17,LOW,LMS012,0.84,False,
RKM-3064,EMP-3064,candidate_1064,Yanti Suryadi,yanti.suryadi@medika.co.id,Bandung,West Java,Pharmacist,2018-12-07,6,email+name,1,0.97,Regulatory Compliance; Pharmaceutical Knowledge; Drug Interaction,self_reported,0.85,Patient Counseling; Inventory Management; Quality Control,5,3,5,4.33,3,50,MEDIUM,LMS013,0.91,False,
RKM-3065,EMP-3065,candidate_1065,Prio Setiawan,prio.setiawan@medika.co.id,Medan,North Sumatra,Warehouse Supervisor,2020-10-08,4,name+date,2,0.78,Inventory Management; Cold Chain Handling; Stock Opname; Safety Compliance; Team Leadership,self_reported,0.85,Process Optimization,2,2,2,2.0,3,17,LOW,,0.81,False,
RKM-3066,EMP-3066,candidate_1066,Nur Permana,nur.permana@medika.co.id,Balikpapan,East Kalimantan,Finance Officer,2022-02-03,1,name_only,3,0.6,Budget Analysis; Financial Reporting; Accounting,self_reported+lms,0.9,Tax Compliance; ERP Usage; Audit Support,,4,3,3.5,2,50,MEDIUM,,0.75,False,
RKM-3067,EMP-3067,candidate_1067,Bayu Gunawan,bayu.gunawan@medika.co.id,Makassar,South Sulawesi,Pharmacist,2022-06-13,3,email+name,1,0.97,Regulatory Compliance; Pharmaceutical Knowledge,lms_inferred,0.68,Drug Interaction; Patient Counseling; Inventory Management; Quality Control,,,4,4.0,1,67,HIGH,LMS013,0.82,False,
RKM-3068,EMP-3068,candidate_1068,Mega Tanjung,mega.tanjung@medika.co.id,Yogyakarta,DIY,Finance Officer,2022-08-27,3,email+date,1,0.92,Financial Reporting; Accounting,self_reported,0.85,Tax Compliance; Budget Analysis; ERP Usage; Audit Support,,,1,1.0,1,67,HIGH,LMS009,0.89,False,
RKM-3069,EMP-3069,candidate_1069,Indah Susanto,indah.susanto@medika.co.id,Medan,North Sumatra,Sales Manager,2022-05-05,4,email+date,1,0.92,Strategic Planning; Negotiation; Team Leadership; B2B Sales; Team Mentoring; P&L Management,lms_inferred,0.68,Sales Forecasting; Budget Management; CRM Usage,,,1,1.0,1,38,MEDIUM,LMS004,0.8,False,
RKM-3070,EMP-3070,candidate_1070,Wahyu Permana,wahyu.permana@medika.co.id,Denpasar,Bali,Senior Sales,2017-07-15,7,name+date,2,0.78,B2B Sales; Territory Management,title_inferred,0.45,Product Knowledge; CRM Usage; Negotiation; Customer Relationship; Team Mentoring; Sales Forecasting,5.0,2.5,5.0,4.17,3,75,HIGH,LMS003; LMS004,0.61,True,skills_fully_inferred
RKM-3071,EMP-3071,candidate_1071,Agus Purnama,agus.purnama@medika.co.id,Makassar,South Sulawesi,Pharmacist,2018-07-07,6,email+name,1,0.97,Inventory Management; Stock Opname; Pharmaceutical Knowledge; Regulatory Compliance; Drug Interaction,self_reported+lms,0.9,Patient Counseling; Quality Control,,5,3,4.0,2,33,LOW,,0.94,False,
RKM-3072,EMP-3072,candidate_1072,Ani Hidayat,ani.hidayat@medika.co.id,Bandung,West Java,Medical Device Specialist,2019-08-14,3,email+name,1,0.97,B2B Sales; Regulatory Compliance; Medical Device Knowledge,self_reported,0.85,Product Demonstration; Clinical Knowledge; Customer Relationship,,4,3,3.5,2,50,MEDIUM,LMS012,0.91,False,
RKM-3073,EMP-3073,candidate_1073,Elsa Susanto,elsa.susanto@medika.co.id,Bandung,West Java,Warehouse Supervisor,2017-10-13,4,email+name,1,0.97,Inventory Management; Cold Chain Handling; Safety Compliance; Team Leadership; Team Mentoring,self_reported+lms,0.9,Stock Opname; Process Optimization,,2,4,3.0,2,33,LOW,LMS013,0.94,False,
RKM-3074,EMP-3074,candidate_1074,Sri Rahayu,sri.rahayu@medika.co.id,Denpasar,Bali,HR Officer,2020-08-08,1,email+date,1,0.92,Recruitment; HR Information Systems; Employee Relations; Payroll Processing,self_reported+lms,0.9,Labor Law; Training Coordination,,,2.5,2.5,1,33,LOW,,0.91,False,
RKM-3075,EMP-3075,candidate_1075,Budi Setiawan,budi.setiawan@medika.co.id,Yogyakarta,DIY,Senior Sales,2017-06-02,3,email+name,1,0.97,CRM Usage; Team Leadership; Team Mentoring; Territory Management; Customer Relationship,lms_inferred,0.68,B2B Sales; Product Knowledge; Negotiation; Sales Forecasting,,,,,0,50,MEDIUM,LMS003,0.82,False,
RKM-3076,EMP-3076,candidate_1076,Wulan Susanto,wulan.susanto@medika.co.id,Medan,North Sumatra,Senior Sales,2020-09-25,7,email+name,1,0.97,CRM Usage; Negotiation; Team Leadership; B2B Sales; Team Mentoring; Territory Management,lms_inferred,0.68,Product Knowledge; Customer Relationship; Sales Forecasting,,2,1,1.5,2,38,MEDIUM,LMS012,0.82,False,
RKM-3077,EMP-3077,candidate_1077,Putri Halim,putri.halim@medika.co.id,Makassar,South Sulawesi,Finance Officer,2015-08-14,3,email+name,1,0.97,Accounting; Financial Reporting,title_inferred,0.45,Tax Compliance; Budget Analysis; ERP Usage; Audit Support,,4,3,3.5,2,67,HIGH,LMS009,0.71,True,skills_fully_inferred
RKM-3078,EMP-3078,candidate_1078,Ani Firmansyah,ani.firmansyah@medika.co.id,Semarang,Central Java,Sales Manager,2018-01-05,8,email+date,1,0.92,Strategic Planning; Negotiation; Team Leadership; B2B Sales; Budget Management; Sales Forecasting,self_reported,0.85,CRM Usage; Team Mentoring,,,5,5.0,1,25,LOW,LMS004; LMS008,0.89,False,
RKM-3079,EMP-3079,candidate_1079,Dewi Wahyudi,dewi.wahyudi@medika.co.id,Palembang,South Sumatra,Logistics Coordinator,2021-05-10,8,name_only,3,0.6,Supply Chain Management; Route Optimization,self_reported+lms,0.9,Vendor Management; Cold Chain Handling; Documentation; ERP Usage,,1.2,1.2,1.2,2,67,HIGH,LMS001; LMS006,0.75,False,
RKM-3080,EMP-3080,candidate_1080,Nur Kusuma,nur.kusuma@medika.co.id,Semarang,Central Java,HR Officer,2015-05-25,6,email+name,1,0.97,HR Information Systems,lms_inferred,0.68,Recruitment; Payroll Processing; Employee Relations; Labor Law; Training Coordination,,,3,3.0,1,83,HIGH,,0.82,False,
RKM-3081,EMP-3081,candidate_1081,Vera Tanjung,vera.tanjung@medika.co.id,Makassar,South Sulawesi,IT Support,2015-08-04,6,name_only,3,0.6,Network Administration; IT Security; Software Installation; Hardware Troubleshooting,self_reported+lms,0.9,Helpdesk Management,,,,,0,20,LOW,,0.75,False,
RKM-3082,EMP-3082,candidate_1082,Prio Adiputra,prio.adiputra@medika.co.id,Bandung,West Java,Warehouse Supervisor,2018-05-29,6,email+name,1,0.97,Inventory Management; Cold Chain Handling; Stock Opname; Safety Compliance; Team Leadership; Team Mentoring,self_reported+lms,0.9,Process Optimization,,,,,0,17,LOW,,0.94,False,
RKM-3083,EMP-3083,candidate_1083,Ayu Salim,ayu.salim@medika.co.id,Surabaya,East Java,Medical Device Specialist,2023-04-12,7,email+date,1,0.92,Medical Device Knowledge; Regulatory Compliance,title_inferred,0.45,B2B Sales; Product Demonstration; Clinical Knowledge; Customer Relationship,2,3,1,2.0,3,67,HIGH,LMS003; LMS012,0.69,True,skills_fully_inferred
RKM-3084,EMP-3084,candidate_1084,Ani Susanto,ani.susanto@medika.co.id,Semarang,Central Java,Finance Officer,2021-07-06,7,email+name,1,0.97,Budget Analysis; Financial Reporting; Accounting,self_reported+lms,0.9,Tax Compliance; ERP Usage; Audit Support,,,,,0,50,MEDIUM,,0.94,False,
RKM-3085,EMP-3085,candidate_1085,Sari Setiawan,sari.setiawan@medika.co.id,Semarang,Central Java,Logistics Coordinator,2017-08-14,8,fuzzy_name,4,0.38,Cold Chain Handling; Safety Compliance; Supply Chain Management,lms_inferred,0.68,Route Optimization; Vendor Management; Documentation; ERP Usage,,,,,0,67,HIGH,,0.53,True,low_identity_confidence; overall_confidence_below_threshold
RKM-3086,EMP-3086,candidate_1086,Fajar Salim,fajar.salim@medika.co.id,Medan,North Sumatra,Finance Officer,2016-05-06,7,email+name,1,0.97,Budget Analysis; Financial Reporting,lms_inferred,0.68,Accounting; Tax Compliance; ERP Usage; Audit Support,,,,,0,67,HIGH,,0.82,False,
RKM-3087,EMP-3087,candidate_1087,Vera Nugroho,vera.nugroho@medika.co.id,Palembang,South Sumatra,Sales Representative,2017-12-01,1,email+date,1,0.92,CRM Usage; Product Knowledge; Negotiation; B2B Sales; Territory Management; Customer Relationship,self_reported+lms,0.9,,,,2.5,2.5,1,0,LOW,,0.91,False,
RKM-3088,EMP-3088,candidate_1088,Dedi Margono,dedi.margono@medika.co.id,Bandung,West Java,Sales Manager,2019-06-29,8,email+name,1,0.97,Team Leadership; B2B Sales; Sales Forecasting; Budget Management,self_reported,0.85,Strategic Planning; Negotiation; CRM Usage; Team Mentoring,,,,,0,50,MEDIUM,LMS003; LMS004,0.91,False,
RKM-3089,EMP-3089,candidate_1089,Mega Purnama,mega.purnama@medika.co.id,Jakarta Pusat,DKI Jakarta,Senior Sales,2015-06-24,4,email+date,1,0.92,CRM Usage; Product Knowledge; Negotiation; B2B Sales; Territory Management,self_reported,0.85,Customer Relationship; Team Mentoring; Sales Forecasting,,,4,4.0,1,38,MEDIUM,LMS008; LMS012,0.89,False,
RKM-3090,EMP-3090,candidate_1090,Indah Utama,indah.utama@medika.co.id,Jakarta Pusat,DKI Jakarta,Warehouse Supervisor,2016-08-31,7,email+name,1,0.97,Inventory Management; Cold Chain Handling; Stock Opname; Safety Compliance; Team Leadership,self_reported,0.85,Process Optimization,,,,,0,17,LOW,,0.91,False,
RKM-3091,EMP-3091,candidate_1091,Nita Rahayu,nita.rahayu@medika.co.id,Bandung,West Java,Medical Device Specialist,2022-01-27,5,name+date,2,0.78,Regulatory Compliance; Customer Relationship; Pharmaceutical Knowledge,lms_inferred,0.68,Medical Device Knowledge; B2B Sales; Product Demonstration; Clinical Knowledge,3,5,5,4.33,3,67,HIGH,LMS002; LMS003,0.73,False,
RKM-3092,EMP-3092,candidate_1092,Andi Halim,andi.halim@medika.co.id,Jakarta Pusat,DKI Jakarta,Sales Representative,2017-06-16,1,email_only,2,0.85,Territory Management; B2B Sales; Negotiation; Product Knowledge,self_reported+lms,0.9,CRM Usage; Customer Relationship,,,,,0,33,LOW,LMS004; LMS012,0.88,False,
RKM-3093,EMP-3093,candidate_1093,Ayu Wibowo,ayu.wibowo@medika.co.id,Bandung,West Java,Branch Manager,2016-12-12,8,email+name,1,0.97,Team Leadership; Strategic Planning; P&L Management; Team Mentoring,self_reported+lms,0.9,Budget Management; Operations Management; Stakeholder Management,,2,4,3.0,2,50,MEDIUM,,0.94,False,
RKM-3094,EMP-3094,candidate_1094,Dewi Rahayu,dewi.rahayu@medika.co.id,Surabaya,East Java,Senior Sales,2021-09-30,3,email_only,2,0.85,Territory Management,lms_inferred,0.68,B2B Sales; Product Knowledge; CRM Usage; Negotiation; Customer Relationship; Team Mentoring; Sales Forecasting,,,,,0,88,HIGH,LMS003; LMS004,0.77,False,
RKM-3095,EMP-3095,candidate_1095,Reza Susanto,reza.susanto@medika.co.id,Makassar,South Sulawesi,IT Support,2019-03-11,3,email+name,1,0.97,IT Security,lms_inferred,0.68,Network Administration; Hardware Troubleshooting; Software Installation; Helpdesk Management,2,3,2,2.33,3,80,HIGH,,0.82,False,
