hris_id,ats_id,full_name_hris,full_name_ats,email_hris,email_ats,branch,region,job_title_hris,job_title_ats,hire_date_hris,hire_date_ats,skills_hris,lms_courses_completed,lms_course_names,performance_2022,performance_2023,performance_2024,years_in_role,data_issues
EMP-2901,candidate_901,Ani Setiawan,Ani Setiawan,ani.setiawan@medika.co.id,ani.setiawan@medika.co.id,Makassar,South Sulawesi,Sales Executive,Sales Executive,2017-09-30,2016-09-30,,LMS003; LMS012; LMS005,B2B Sales Excellence | Customer Relationship Management | Territory Management Basics,,,,1,MISSING_SKILLS; DATE_CONFLICT; NO_PERFORMANCE_DATA
EMP-2902,candidate_902,Desy Gunawan,Desy Gunawan,desy.gunawan@medika.co.id,desy.gunawan@medika.co.id,Palembang,South Sumatra,Staf Gudang,Staf Gudang,2022-11-12,2022-11-12,Inventory Management; Cold Chain Handling,LMS013,Inventory Control & Stock Management,,,3,6,
EMP-2903,candidate_903,Ayu Purnama,Ayu Purnama,ayu.purnama@medika.co.id,ayu.purnama@medika.co.id,Makassar,South Sulawesi,Sr. Sales,Penjualan Senior,2019-01-10,2019-01-10,B2B Sales; Territory Management; Product Knowledge; CRM Usage; Negotiation; Customer Relationship,,,C,A,C,6,TITLE_INCONSISTENCY
EMP-2904,candidate_904,Desy Susanto,Desy Susanto,desy.susanto@medika.co.id,desy.susanto@medika.co.id,Yogyakarta,DIY,Gudang,Staf Gudang,2015-07-07,2015-07-07,Inventory Management; Cold Chain Handling,LMS006; LMS013; LMS001,Warehouse Safety & Compliance | Inventory Control & Stock Management | Cold Chain Logistics Compliance,,,,5,TITLE_INCONSISTENCY; NO_PERFORMANCE_DATA
EMP-2905,candidate_905,Hendro Kusuma,Hendro KUSUMA,hendro.kusuma@medika.co.id,hendro.kusuma@medika.co.id,Makassar,South Sulawesi,Branch Manager,Kepala Cabang,2020-12-27,2020-12-27,Team Leadership; Strategic Planning; Budget Management; Operations Management; Stakeholder Management; P&L Management,,,,A,B,7,NAME_MISMATCH; TITLE_INCONSISTENCY
EMP-2906,candidate_906,Fitri Hakim,Fitri Hakim,fitri.hakim@medika.co.id,fitri.hakim@medika.co.id,Medan,North Sumatra,Senior Field Sales,Senior Field Sales,2021-05-12,2021-05-12,,LMS004; LMS005; LMS003,CRM System Training (SalesForce) | Territory Management Basics | B2B Sales Excellence,,,,5,MISSING_SKILLS; NO_PERFORMANCE_DATA
EMP-2907,candidate_907,Yanti Hartono,Yanti Hartono,yanti.hartono@medika.co.id,yantihartono@gmail.com,Yogyakarta,DIY,Staf HR,HR Staff,2019-01-22,2018-01-22,,,,,,,2,MISSING_SKILLS; EMAIL_MISMATCH; DATE_CONFLICT; TITLE_INCONSISTENCY; NO_PERFORMANCE_DATA
EMP-2908,candidate_908,Gilang Utama,Gilang Utama,gilang.utama@medika.co.id,gilangutama@gmail.com,Balikpapan,East Kalimantan,HR Staff,HR Officer,2020-12-07,2019-12-07,Recruitment; Payroll Processing; Employee Relations; HR Information Systems,LMS010,HR Information Systems (SuccessFactors),,,B,5,EMAIL_MISMATCH; DATE_CONFLICT; TITLE_INCONSISTENCY
EMP-2909,candidate_909,Iwan Hakim,Iwan Hakim,iwan.hakim@medika.co.id,iwan.hakim@medika.co.id,Palembang,South Sumatra,Sales Manager,Sales Manager,2016-03-11,2016-03-11,B2B Sales; Sales Forecasting; Team Leadership,LMS004; LMS008,CRM System Training (SalesForce) | Leadership Essentials,1,3,4,6,
EMP-2910,candidate_910,Dewi Rahayu,Dewi RAHAYU,dewi.rahayu@medika.co.id,dewi.rahayu@medika.co.id,Medan,North Sumatra,Staf Gudang,Gudang,2021-05-12,2021-05-12,Inventory Management; Cold Chain Handling; Safety Compliance,LMS013,Inventory Control & Stock Management,,,5,7,NAME_MISMATCH; TITLE_INCONSISTENCY
EMP-2911,candidate_911,Rudi Budiman,Rudi Budiman,rudi.budiman@medika.co.id,rudi.budiman@medika.co.id,Bandung,West Java,IT Support,Teknisi IT,2022-09-26,2023-09-26,,LMS015,IT Security Fundamentals,,,,1,MISSING_SKILLS; DATE_CONFLICT; TITLE_INCONSISTENCY; NO_PERFORMANCE_DATA
EMP-2912,candidate_912,Bambang Permana,Bambang Permana,bambang.permana@medika.co.id,bambang.permana@medika.co.id,Yogyakarta,DIY,Support IT,Support IT,2017-06-21,2016-06-21,Network Administration; Hardware Troubleshooting,,,,,4,8,DATE_CONFLICT
EMP-2913,candidate_913,Lestari Pratama,Lestari Pratama,lestari.pratama@medika.co.id,lestari.pratama@medika.co.id,Bandung,West Java,Finance Staff,Finance Officer,2016-01-22,2017-01-22,Accounting; Financial Reporting,,,,,,4,DATE_CONFLICT; TITLE_INCONSISTENCY; NO_PERFORMANCE_DATA
EMP-2914,candidate_914,Surya Utama,Surya Utama,surya.utama@medika.co.id,surya.utama@medika.co.id,Bandung,West Java,WH Staff,Warehouse Staff,2016-07-28,2016-07-28,Inventory Management; Cold Chain Handling; Safety Compliance; Stock Opname; Forklift Operation,,,,,,2,TITLE_INCONSISTENCY; NO_PERFORMANCE_DATA
EMP-2915,candidate_915,Lestari Wahyudi,Lestari Wahyudi,lestari.wahyudi@medika.co.id,lestari.wahyudi@medika.co.id,Bandung,West Java,Sales Mgr,Manajer Penjualan,2020-05-25,2021-05-25,,LMS008; LMS004; LMS014,Leadership Essentials | CRM System Training (SalesForce) | Strategic Planning for Branch Leaders,,,5,4,MISSING_SKILLS; DATE_CONFLICT; TITLE_INCONSISTENCY
EMP-2916,candidate_916,Dewi Permana,Dewi Permana,dewi.permana@medika.co.id,dewipermana@gmail.com,Medan,North Sumatra,WH Staff,Warehouse Staff,2023-04-02,2023-04-02,Inventory Management; Cold Chain Handling; Safety Compliance,,,1,2,1,4,EMAIL_MISMATCH; TITLE_INCONSISTENCY
EMP-2917,candidate_917,Prio Rahayu,Prio Rahayu,prio.rahayu@medika.co.id,prio.rahayu@medika.co.id,Balikpapan,East Kalimantan,Sr. Sales,Sales Senior,2021-06-29,2021-06-29,B2B Sales; Territory Management; Product Knowledge; CRM Usage; Negotiation; Customer Relationship,LMS005; LMS004,Territory Management Basics | CRM System Training (SalesForce),,B,B,3,TITLE_INCONSISTENCY
EMP-2918,candidate_918,Andi Hakim,"Hakim, Andi",andi.hakim@medika.co.id,andi.hakim@medika.co.id,Medan,North Sumatra,Finance Officer,Staf Keuangan,2023-06-07,2023-06-07,Accounting; Financial Reporting,,,,2,3,6,NAME_MISMATCH; TITLE_INCONSISTENCY
EMP-2919,candidate_919,Sari Margono,Sari Margono,sari.margono@medika.co.id,sari.margono@medika.co.id,Medan,North Sumatra,Regional Sales Lead,Manajer Penjualan,2021-02-03,2021-02-03,B2B Sales; Sales Forecasting,LMS008; LMS014; LMS003; LMS004,Leadership Essentials | Strategic Planning for Branch Leaders | B2B Sales Excellence | CRM System Training (SalesForce),,,1,5,TITLE_INCONSISTENCY
EMP-2920,candidate_920,Fitri Suryadi,Fitri Suryadi,fitri.suryadi@medika.co.id,fitri.suryadi@medika.co.id,Medan,North Sumatra,Branch Manager,Kepala Cabang,2018-11-05,2019-11-05,Team Leadership; Strategic Planning,,,,3,1,3,DATE_CONFLICT; TITLE_INCONSISTENCY
EMP-2921,candidate_921,Ani Utama,Ani Utama,ani.utama@medika.co.id,aniutama@gmail.com,Medan,North Sumatra,Sales Mgr,Manajer Penjualan,2021-03-09,2021-03-09,B2B Sales; Sales Forecasting; Team Leadership; Budget Management; Strategic Planning; Negotiation; CRM Usage,LMS003,B2B Sales Excellence,5,5,2,1,EMAIL_MISMATCH; TITLE_INCONSISTENCY
EMP-2922,candidate_922,Ahmad Tanjung,Ahmad Tanjung,ahmad.tanjung@medika.co.id,ahmad.tanjung@medika.co.id,Medan,North Sumatra,Koordinator Logistik,Logistik Coord,2019-01-05,2018-01-05,Supply Chain Management; Route Optimization; Vendor Management; Cold Chain Handling; Documentation,LMS001,Cold Chain Logistics Compliance,2,4,1,7,DATE_CONFLICT; TITLE_INCONSISTENCY
EMP-2923,candidate_923,Hendra Adiputra,Hendra Adiputra,hendra.adiputra@medika.co.id,hendra.adiputra@medika.co.id,Bandung,West Java,Supervisor Gudang,Spv Gudang,2022-11-12,2021-11-12,Inventory Management; Cold Chain Handling; Safety Compliance; Stock Opname; Team Leadership,LMS008; LMS001,Leadership Essentials | Cold Chain Logistics Compliance,,,,6,DATE_CONFLICT; TITLE_INCONSISTENCY; NO_PERFORMANCE_DATA
EMP-2924,candidate_924,Fitria Setiawan,Fitria Setiawan,fitria.setiawan@medika.co.id,fitria.setiawan@medika.co.id,Medan,North Sumatra,Sr. Sales,Senior Sales,2018-12-09,2018-12-09,B2B Sales; Territory Management,,,3,2,5,2,TITLE_INCONSISTENCY
EMP-2925,candidate_925,Dian Budiman,Dian Budiman,dian.budiman@medika.co.id,dian.budiman@medika.co.id,Yogyakarta,DIY,HR Officer,Personalia,2023-10-27,2023-10-27,,,,,,4,4,MISSING_SKILLS; TITLE_INCONSISTENCY
EMP-2926,candidate_926,Eko Laksana,Eko Laksana,eko.laksana@medika.co.id,ekolaksana@gmail.com,Semarang,Central Java,Personalia,Staf HR,2018-09-14,2018-09-14,Recruitment; Payroll Processing; Employee Relations; HR Information Systems; Labor Law; Training Coordination,LMS010,HR Information Systems (SuccessFactors),,,3,4,EMAIL_MISMATCH; TITLE_INCONSISTENCY
EMP-2927,candidate_927,Ayu Laksana,Ayu Laksana,ayu.laksana@medika.co.id,ayu.laksana@medika.co.id,Balikpapan,East Kalimantan,Med Device Spec,Device Specialist,2023-05-23,2023-05-23,Medical Device Knowledge; Regulatory Compliance,LMS011; LMS002,Pharmaceutical Regulatory Compliance | Medical Device Handling Fundamentals,,,C,8,TITLE_INCONSISTENCY
EMP-2928,candidate_928,Fitri Prasetyo,Fitri Prasetyo,fitri.prasetyo@medika.co.id,fitri.prasetyo@medika.co.id,Denpasar,Bali,Spesialis Alat Medis,Spesialis Alat Medis,2020-04-22,2020-04-22,Medical Device Knowledge; Regulatory Compliance; B2B Sales; Product Demonstration,LMS011; LMS002; LMS012; LMS003,Pharmaceutical Regulatory Compliance | Medical Device Handling Fundamentals | Customer Relationship Management | B2B Sales Excellence,,,,1,NO_PERFORMANCE_DATA
EMP-2929,candidate_929,Teguh Halim,Teguh Halim,teguh.halim@medika.co.id,teguh.halim@medika.co.id,Surabaya,East Java,Warehouse Officer,Staf Gudang,2023-08-14,2024-08-14,Inventory Management; Cold Chain Handling; Safety Compliance; Stock Opname; Forklift Operation,LMS006; LMS001; LMS013,Warehouse Safety & Compliance | Cold Chain Logistics Compliance | Inventory Control & Stock Management,,1,1,3,DATE_CONFLICT; TITLE_INCONSISTENCY
EMP-2930,candidate_930,Dewi Kurniawan,D. Kurniawan,dewi.kurniawan@medika.co.id,dewi.kurniawan@medika.co.id,Palembang,South Sumatra,Staf Keuangan,Keuangan Officer,2017-10-17,2017-10-17,Accounting; Financial Reporting; Tax Compliance; Budget Analysis; ERP Usage; Audit Support,LMS009,Financial Reporting & Analysis,,4,4,8,NAME_MISMATCH; TITLE_INCONSISTENCY
EMP-2931,candidate_931,Hendro Setiawan,Hendro Setiawan,hendro.setiawan@medika.co.id,hendro.setiawan@medika.co.id,Medan,North Sumatra,Warehouse Staff,Staf Gudang,2023-08-03,2023-08-03,Inventory Management; Cold Chain Handling; Safety Compliance; Stock Opname,LMS006,Warehouse Safety & Compliance,,,5,3,TITLE_INCONSISTENCY
EMP-2932,candidate_932,Arif Hidayat,Arif Hidayat,arif.hidayat@medika.co.id,arif.hidayat@medika.co.id,Bandung,West Java,Personalia,HR Staff,2022-12-03,2023-12-03,,,,4,5,1,8,MISSING_SKILLS; DATE_CONFLICT; TITLE_INCONSISTENCY
EMP-2933,candidate_933,Wulan Firmansyah,Wulan Firmansyah,wulan.firmansyah@medika.co.id,wulan.firmansyah@medika.co.id,Surabaya,East Java,Logistics Staff Sr.,Logistics Staff Sr.,2019-05-17,2019-05-17,Supply Chain Management; Route Optimization; Vendor Management; Cold Chain Handling; Documentation; ERP Usage,LMS006,Warehouse Safety & Compliance,,,,1,NO_PERFORMANCE_DATA
EMP-2934,candidate_934,Sigit Laksana,Sigit LAKSANA,sigit.laksana@medika.co.id,sigit.laksana@medika.co.id,Balikpapan,East Kalimantan,Logistics Coordinator,Logistics Coordinator,2023-12-14,2023-12-14,Supply Chain Management; Route Optimization; Vendor Management; Cold Chain Handling; Documentation; ERP Usage,,,C,C,D,7,NAME_MISMATCH
EMP-2935,candidate_935,Yuni Wijaya,Yuni Wijaya,yuni.wijaya@medika.co.id,yuni.wijaya@medika.co.id,Jakarta Pusat,DKI Jakarta,Keuangan Officer,Finance Officer,2017-12-01,2017-12-01,Accounting; Financial Reporting; Tax Compliance; Budget Analysis; ERP Usage,LMS009,Financial Reporting & Analysis,,,1,1,TITLE_INCONSISTENCY
EMP-2936,candidate_936,Elsa Susanto,E. Susanto,elsa.susanto@medika.co.id,elsa.susanto@medika.co.id,Semarang,Central Java,Warehouse Officer,Warehouse Staff,2023-10-05,2023-10-05,,,,,2,2,4,MISSING_SKILLS; NAME_MISMATCH; TITLE_INCONSISTENCY
EMP-2937,candidate_937,Fajar Firmansyah,Fajar Firmansyah,fajar.firmansyah@medika.co.id,fajar.firmansyah@medika.co.id,Denpasar,Bali,Apoteker,Pharmacist,2019-02-19,2018-02-19,,LMS011; LMS013,Pharmaceutical Regulatory Compliance | Inventory Control & Stock Management,,4,4,4,MISSING_SKILLS; DATE_CONFLICT; TITLE_INCONSISTENCY
EMP-2938,candidate_938,Fitria Nugroho,"Nugroho, Fitria",fitria.nugroho@medika.co.id,fitria.nugroho@medika.co.id,Makassar,South Sulawesi,Apt.,Pharmacist,2022-09-03,2022-09-03,,LMS013,Inventory Control & Stock Management,,,,7,MISSING_SKILLS; NAME_MISMATCH; TITLE_INCONSISTENCY; NO_PERFORMANCE_DATA
EMP-2939,candidate_939,Toni Wibowo,Toni Wibowo,toni.wibowo@medika.co.id,toni.wibowo@medika.co.id,Denpasar,Bali,Senior Sales,Sr. Sales,2022-02-16,2022-02-16,,LMS005; LMS008; LMS004; LMS012,Territory Management Basics | Leadership Essentials | CRM System Training (SalesForce) | Customer Relationship Management,3,3,2,8,MISSING_SKILLS; TITLE_INCONSISTENCY
EMP-2940,candidate_940,Prio Halim,Prio HALIM,prio.halim@medika.co.id,prio.halim@medika.co.id,Bandung,West Java,Finance Staff,Finance Officer,2022-06-29,2022-06-29,,LMS009,Financial Reporting & Analysis,,,5,4,MISSING_SKILLS; NAME_MISMATCH; TITLE_INCONSISTENCY
EMP-2941,candidate_941,Yusuf Saputra,Yusuf Saputra,yusuf.saputra@medika.co.id,yusuf.saputra@medika.co.id,Makassar,South Sulawesi,Staf Gudang,Warehouse Officer,2020-06-24,2020-06-24,Inventory Management; Cold Chain Handling; Safety Compliance; Stock Opname; Forklift Operation,,,,,,4,TITLE_INCONSISTENCY; NO_PERFORMANCE_DATA
EMP-2942,candidate_942,Yanti Wibowo,Yanti Wibowo,yanti.wibowo@medika.co.id,yanti.wibowo@medika.co.id,Medan,North Sumatra,Spesialis Alat Medis,Med Device Spec,2020-04-22,2020-04-22,Medical Device Knowledge; Regulatory Compliance; B2B Sales; Product Demonstration,LMS011; LMS003; LMS012,Pharmaceutical Regulatory Compliance | B2B Sales Excellence | Customer Relationship Management,,,,2,TITLE_INCONSISTENCY; NO_PERFORMANCE_DATA
EMP-2943,candidate_943,Yuni Pratama,Yuni Pratama,yuni.pratama@medika.co.id,yuni.pratama@medika.co.id,Palembang,South Sumatra,Apoteker,Apt.,2017-06-05,2017-06-05,Pharmaceutical Knowledge; Regulatory Compliance; Drug Interaction; Patient Counseling; Inventory Management; Quality Control,LMS011,Pharmaceutical Regulatory Compliance,3,2,3,1,TITLE_INCONSISTENCY
EMP-2944,candidate_944,Indah Wijaya,Indah Wijaya,indah.wijaya@medika.co.id,indahwijaya@gmail.com,Palembang,South Sumatra,Sales Mgr,Manager Sales,2015-08-12,2015-08-12,B2B Sales; Sales Forecasting; Team Leadership; Budget Management; Strategic Planning,,,3,4,4,3,EMAIL_MISMATCH; TITLE_INCONSISTENCY
EMP-2945,candidate_945,Teguh Purnama,"Purnama, Teguh",teguh.purnama@medika.co.id,teguh.purnama@medika.co.id,Surabaya,East Java,Supervisor Gudang,Spv Gudang,2015-09-25,2015-09-25,,LMS008; LMS001; LMS013; LMS006,Leadership Essentials | Cold Chain Logistics Compliance | Inventory Control & Stock Management | Warehouse Safety & Compliance,,4,5,8,MISSING_SKILLS; NAME_MISMATCH; TITLE_INCONSISTENCY
EMP-2946,candidate_946,Yanti Saputra,"Saputra, Yanti",yanti.saputra@medika.co.id,yantisaputra@gmail.com,Denpasar,Bali,Warehouse Supervisor,Supervisor Gudang,2018-06-04,2018-06-04,Inventory Management; Cold Chain Handling; Safety Compliance,LMS001; LMS013,Cold Chain Logistics Compliance | Inventory Control & Stock Management,,,,1,EMAIL_MISMATCH; NAME_MISMATCH; TITLE_INCONSISTENCY; NO_PERFORMANCE_DATA
EMP-2947,candidate_947,Arif Halim,Arif Halim,arif.halim@medika.co.id,arif.halim@medika.co.id,Balikpapan,East Kalimantan,Staf Keuangan,Keuangan Officer,2020-04-08,2019-04-08,Accounting; Financial Reporting,,,D,C,D,2,DATE_CONFLICT; TITLE_INCONSISTENCY
EMP-2948,candidate_948,Elsa Hidayat,E. Hidayat,elsa.hidayat@medika.co.id,elsa.hidayat@medika.co.id,Palembang,South Sumatra,Warehouse Officer,Warehouse Staff,2017-12-24,2017-12-24,Inventory Management; Cold Chain Handling; Safety Compliance; Stock Opname,LMS001; LMS006; LMS013,Cold Chain Logistics Compliance | Warehouse Safety & Compliance | Inventory Control & Stock Management,,3,4,1,NAME_MISMATCH; TITLE_INCONSISTENCY
EMP-2949,candidate_949,Andi Halim,Andi Halim,andi.halim@medika.co.id,andi.halim@medika.co.id,Balikpapan,East Kalimantan,Pharmaceutical Officer,Apt.,2017-10-22,2016-10-22,Pharmaceutical Knowledge; Regulatory Compliance,LMS013; LMS011,Inventory Control & Stock Management | Pharmaceutical Regulatory Compliance,B,C,C,3,DATE_CONFLICT; TITLE_INCONSISTENCY
EMP-2950,candidate_950,Hendro Margono,Hendro Margono,hendro.margono@medika.co.id,hendro.margono@medika.co.id,Yogyakarta,DIY,Human Resources Officer,HR Staff,2020-07-07,2020-07-07,,,,3,4,4,1,MISSING_SKILLS; TITLE_INCONSISTENCY
EMP-2951,candidate_951,Andi Setiawan,Andi Setiawan,andi.setiawan@medika.co.id,andi.setiawan@medika.co.id,Denpasar,Bali,Senior Sales,Sales 2,2018-08-17,2019-08-17,,LMS008; LMS012; LMS003; LMS005,Leadership Essentials | Customer Relationship Management | B2B Sales Excellence | Territory Management Basics,,4,4,5,MISSING_SKILLS; DATE_CONFLICT; TITLE_INCONSISTENCY
EMP-2952,candidate_952,Rizky Utama,"Utama, Rizky",rizky.utama@medika.co.id,rizky.utama@medika.co.id,Palembang,South Sumatra,Manajer Penjualan,Sales Manager,2022-10-31,2022-10-31,,LMS008,Leadership Essentials,,4,1,8,MISSING_SKILLS; NAME_MISMATCH; TITLE_INCONSISTENCY
EMP-2953,candidate_953,Nur Wahyudi,Nur Wahyudi,nur.wahyudi@medika.co.id,nur.wahyudi@medika.co.id,Makassar,South Sulawesi,Med Device Spec,Medical Device Specialist,2023-01-14,2024-01-14,Medical Device Knowledge; Regulatory Compliance; B2B Sales; Product Demonstration; Clinical Knowledge,LMS003; LMS012; LMS002; LMS011,B2B Sales Excellence | Customer Relationship Management | Medical Device Handling Fundamentals | Pharmaceutical Regulatory Compliance,B,C,B,5,DATE_CONFLICT; TITLE_INCONSISTENCY
EMP-2954,candidate_954,Yanti Laksana,Yanti Laksana,yanti.laksana@medika.co.id,yanti.laksana@medika.co.id,Medan,North Sumatra,Branch Head,Manajer Cabang,2020-06-28,2020-06-28,,LMS014; LMS008,Strategic Planning for Branch Leaders | Leadership Essentials,2,2,5,7,MISSING_SKILLS; TITLE_INCONSISTENCY
EMP-2955,candidate_955,Ani Wahyudi,Ani Wahyudi,ani.wahyudi@medika.co.id,ani.wahyudi@medika.co.id,Surabaya,East Java,Logistics Staff Sr.,Logistics Coordinator,2022-11-28,2022-11-28,Supply Chain Management; Route Optimization; Vendor Management,LMS001; LMS007; LMS006,Cold Chain Logistics Compliance | Supply Chain Management Fundamentals | Warehouse Safety & Compliance,4,1,5,3,TITLE_INCONSISTENCY
EMP-2956,candidate_956,Nur Susanto,Nur Susanto,nur.susanto@medika.co.id,nur.susanto@medika.co.id,Balikpapan,East Kalimantan,Med Device Spec,Device Specialist,2020-04-07,2020-04-07,,,,D,C,C,1,MISSING_SKILLS; TITLE_INCONSISTENCY
EMP-2957,candidate_957,Ratna Gunawan,Ratna Gunawan,ratna.gunawan@medika.co.id,ratna.gunawan@medika.co.id,Yogyakarta,DIY,Senior Sales,Senior Sales,2022-09-04,2022-09-04,B2B Sales; Territory Management,,,,,3,6,
EMP-2958,candidate_958,Dian Wibowo,Dian Wibowo,dian.wibowo@medika.co.id,dian.wibowo@medika.co.id,Surabaya,East Java,Supervisor Gudang,Spv Gudang,2019-10-31,2020-10-31,,,,,4,5,3,MISSING_SKILLS; DATE_CONFLICT; TITLE_INCONSISTENCY
EMP-2959,candidate_959,Hendro Setiawan,Hendro Setiawan,hendro.setiawan@medika.co.id,hendro.setiawan@medika.co.id,Bandung,West Java,Finance Staff,Finance Staff,2020-02-26,2019-02-26,,,,,,,7,MISSING_SKILLS; DATE_CONFLICT; NO_PERFORMANCE_DATA
EMP-2960,candidate_960,Wulan Pratama,Wulan PRATAMA,wulan.pratama@medika.co.id,wulan.pratama@medika.co.id,Medan,North Sumatra,Finance Officer,Keuangan Officer,2019-04-25,2019-04-25,Accounting; Financial Reporting; Tax Compliance; Budget Analysis,,,4,3,1,5,NAME_MISMATCH; TITLE_INCONSISTENCY
EMP-2961,candidate_961,Dian Rahayu,Dian Rahayu,dian.rahayu@medika.co.id,dian.rahayu@medika.co.id,Bandung,West Java,Branch Manager,Kepala Cabang,2022-02-20,2023-02-20,Team Leadership; Strategic Planning; Budget Management,LMS008; LMS014,Leadership Essentials | Strategic Planning for Branch Leaders,,,4,3,DATE_CONFLICT; TITLE_INCONSISTENCY
EMP-2962,candidate_962,Andi Budiman,Andi Budiman,andi.budiman@medika.co.id,andi.budiman@medika.co.id,Makassar,South Sulawesi,Warehouse Supervisor,Spv Gudang,2019-08-29,2018-08-29,,LMS008; LMS001; LMS006; LMS013,Leadership Essentials | Cold Chain Logistics Compliance | Warehouse Safety & Compliance | Inventory Control & Stock Management,B,D,B,2,MISSING_SKILLS; DATE_CONFLICT; TITLE_INCONSISTENCY
EMP-2963,candidate_963,Vera Budiman,Vera Budiman,vera.budiman@medika.co.id,vera.budiman@medika.co.id,Jakarta Pusat,DKI Jakarta,WH Staff,Warehouse Officer,2022-07-25,2022-07-25,,LMS001; LMS006; LMS013,Cold Chain Logistics Compliance | Warehouse Safety & Compliance | Inventory Control & Stock Management,,,3,6,MISSING_SKILLS; TITLE_INCONSISTENCY
EMP-2964,candidate_964,Bambang Wahyudi,Bambang Wahyudi,bambang.wahyudi@medika.co.id,bambang.wahyudi@medika.co.id,Makassar,South Sulawesi,Medical Device Specialist,Medical Device Specialist,2015-04-13,2015-04-13,Medical Device Knowledge; Regulatory Compliance,LMS011; LMS012; LMS003,Pharmaceutical Regulatory Compliance | Customer Relationship Management | B2B Sales Excellence,,,,5,NO_PERFORMANCE_DATA
EMP-2965,candidate_965,Agus Rahayu,Agus Rahayu,agus.rahayu@medika.co.id,agus.rahayu@medika.co.id,Denpasar,Bali,Sr. Sales,Senior Sales,2021-01-10,2022-01-10,B2B Sales; Territory Management; Product Knowledge; CRM Usage; Negotiation; Customer Relationship,LMS012; LMS004; LMS008,Customer Relationship Management | CRM System Training (SalesForce) | Leadership Essentials,,4,4,6,DATE_CONFLICT; TITLE_INCONSISTENCY
EMP-2966,candidate_966,Sari Rahayu,Sari Rahayu,sari.rahayu@medika.co.id,sari.rahayu@medika.co.id,Bandung,West Java,Finance Officer,Keuangan Officer,2019-01-25,2020-01-25,,LMS009,Financial Reporting & Analysis,,,,2,MISSING_SKILLS; DATE_CONFLICT; TITLE_INCONSISTENCY; NO_PERFORMANCE_DATA
EMP-2967,candidate_967,Hendro Halim,Hendro Halim,hendro.halim@medika.co.id,hendrohalim@gmail.com,Bandung,West Java,Medical Device Specialist,Med Device Spec,2015-03-29,2016-03-29,Medical Device Knowledge; Regulatory Compliance,LMS003; LMS011; LMS002; LMS012,B2B Sales Excellence | Pharmaceutical Regulatory Compliance | Medical Device Handling Fundamentals | Customer Relationship Management,,,2,3,EMAIL_MISMATCH; DATE_CONFLICT; TITLE_INCONSISTENCY
EMP-2968,candidate_968,Fajar Adiputra,Fajar ADIPUTRA,fajar.adiputra@medika.co.id,fajar.adiputra@medika.co.id,Jakarta Pusat,DKI Jakarta,IT Support,Support IT,2016-12-15,2015-12-15,,LMS015,IT Security Fundamentals,,,,7,MISSING_SKILLS; NAME_MISMATCH; DATE_CONFLICT; TITLE_INCONSISTENCY; NO_PERFORMANCE_DATA
EMP-2969,candidate_969,Ani Susanto,Ani Susanto,ani.susanto@medika.co.id,ani.susanto@medika.co.id,Palembang,South Sumatra,Sales Senior,Sales Senior,2020-05-04,2020-05-04,B2B Sales; Territory Management; Product Knowledge,LMS003; LMS005; LMS004; LMS012,B2B Sales Excellence | Territory Management Basics | CRM System Training (SalesForce) | Customer Relationship Management,,,,7,NO_PERFORMANCE_DATA
EMP-2970,candidate_970,Desy Hakim,Desy Hakim,desy.hakim@medika.co.id,desyhakim@gmail.com,Makassar,South Sulawesi,Keuangan Officer,Finance Officer,2019-12-22,2018-12-22,,LMS009,Financial Reporting & Analysis,C,B,C,2,MISSING_SKILLS; EMAIL_MISMATCH; DATE_CONFLICT; TITLE_INCONSISTENCY
EMP-2971,candidate_971,Fitri Saputra,Fitri Saputra,fitri.saputra@medika.co.id,fitri.saputra@medika.co.id,Palembang,South Sumatra,Apt.,Apoteker,2020-01-24,2020-01-24,,LMS011; LMS013,Pharmaceutical Regulatory Compliance | Inventory Control & Stock Management,,,3,8,MISSING_SKILLS; TITLE_INCONSISTENCY
EMP-2972,candidate_972,Rina Susanto,Rina Susanto,rina.susanto@medika.co.id,rina.susanto@medika.co.id,Makassar,South Sulawesi,Sr. Sales,Senior Field Sales,2019-11-04,2020-11-04,B2B Sales; Territory Management; Product Knowledge; CRM Usage; Negotiation; Customer Relationship,LMS005; LMS003; LMS004; LMS012,Territory Management Basics | B2B Sales Excellence | CRM System Training (SalesForce) | Customer Relationship Management,C,D,A,5,DATE_CONFLICT; TITLE_INCONSISTENCY
EMP-2973,candidate_973,Prio Prasetyo,Prio Prasetyo,prio.prasetyo@medika.co.id,prioprasetyo@gmail.com,Semarang,Central Java,Senior Field Sales,Senior Field Sales,2017-05-21,2018-05-21,B2B Sales; Territory Management; Product Knowledge; CRM Usage,,,5,2,4,1,EMAIL_MISMATCH; DATE_CONFLICT
EMP-2974,candidate_974,Arif Setiawan,Arif Setiawan,arif.setiawan@medika.co.id,arif.setiawan@medika.co.id,Yogyakarta,DIY,Medical Device Specialist,Medical Device Specialist,2015-04-29,2016-04-29,,LMS012,Customer Relationship Management,,,,4,MISSING_SKILLS; DATE_CONFLICT; NO_PERFORMANCE_DATA
EMP-2975,candidate_975,Bayu Putra,Bayu Putra,bayu.putra@medika.co.id,bayu.putra@medika.co.id,Balikpapan,East Kalimantan,Personalia,HR Officer,2016-10-06,2016-10-06,Recruitment; Payroll Processing,,,,,,2,TITLE_INCONSISTENCY; NO_PERFORMANCE_DATA
EMP-2976,candidate_976,Sigit Saputra,Sigit Saputra,sigit.saputra@medika.co.id,sigit.saputra@medika.co.id,Medan,North Sumatra,Keuangan Officer,Finance Staff,2020-06-12,2020-06-12,Accounting; Financial Reporting; Tax Compliance; Budget Analysis,LMS009,Financial Reporting & Analysis,,,5,1,TITLE_INCONSISTENCY
EMP-2977,candidate_977,Gilang Wijaya,Gilang Wijaya,gilang.wijaya@medika.co.id,gilang.wijaya@medika.co.id,Bandung,West Java,HR Staff,Staf HR,2015-02-01,2014-02-01,,,,,,,3,MISSING_SKILLS; DATE_CONFLICT; TITLE_INCONSISTENCY; NO_PERFORMANCE_DATA
EMP-2978,candidate_978,Desy Rahayu,Desy Rahayu,desy.rahayu@medika.co.id,desy.rahayu@medika.co.id,Balikpapan,East Kalimantan,IT Support,Teknisi IT,2020-08-11,2020-08-11,,,,,,C,7,MISSING_SKILLS; TITLE_INCONSISTENCY
EMP-2979,candidate_979,Desy Gunawan,Desy GUNAWAN,desy.gunawan@medika.co.id,desy.gunawan@medika.co.id,Yogyakarta,DIY,Staf HR,HR Staff,2019-09-07,2020-09-07,Recruitment; Payroll Processing; Employee Relations; HR Information Systems; Labor Law,LMS010,HR Information Systems (SuccessFactors),,,1,7,NAME_MISMATCH; DATE_CONFLICT; TITLE_INCONSISTENCY
EMP-2980,candidate_980,Heri Salim,Heri Salim,heri.salim@medika.co.id,heri.salim@medika.co.id,Palembang,South Sumatra,Sr. Sales,Penjualan Senior,2018-06-24,2018-06-24,,,,,2,3,3,MISSING_SKILLS; TITLE_INCONSISTENCY
EMP-2981,candidate_981,Nur Setiawan,Nur Setiawan,nur.setiawan@medika.co.id,nur.setiawan@medika.co.id,Bandung,West Java,Penjualan Senior,Sr. Sales,2017-03-19,2016-03-19,,LMS008; LMS012; LMS005,Leadership Essentials | Customer Relationship Management | Territory Management Basics,5,5,3,3,MISSING_SKILLS; DATE_CONFLICT; TITLE_INCONSISTENCY
EMP-2982,candidate_982,Teguh Utama,Teguh Utama,teguh.utama@medika.co.id,teguhutama@gmail.com,Denpasar,Bali,Senior Sales,Penjualan Senior,2022-01-30,2022-01-30,B2B Sales; Territory Management; Product Knowledge; CRM Usage,LMS008; LMS003; LMS012,Leadership Essentials | B2B Sales Excellence | Customer Relationship Management,,,3,2,EMAIL_MISMATCH; TITLE_INCONSISTENCY
EMP-2983,candidate_983,Iwan Hartono,Iwan Hartono,iwan.hartono@medika.co.id,iwan.hartono@medika.co.id,Yogyakarta,DIY,Branch Manager,Branch Head,2020-03-10,2020-03-10,,LMS008; LMS014,Leadership Essentials | Strategic Planning for Branch Leaders,,5,2,2,MISSING_SKILLS; TITLE_INCONSISTENCY
EMP-2984,candidate_984,Rina Prasetyo,Rina Prasetyo,rina.prasetyo@medika.co.id,rina.prasetyo@medika.co.id,Semarang,Central Java,Pharmaceutical Officer,Pharmaceutical Officer,2022-03-31,2021-03-31,Pharmaceutical Knowledge; Regulatory Compliance; Drug Interaction; Patient Counseling; Inventory Management; Quality Control,,,,,3,6,DATE_CONFLICT
EMP-2985,candidate_985,Hendro Gunawan,Hendro Gunawan,hendro.gunawan@medika.co.id,hendro.gunawan@medika.co.id,Yogyakarta,DIY,Sales Executive,Field Sales,2018-10-02,2017-10-02,,LMS004; LMS012; LMS003; LMS005,CRM System Training (SalesForce) | Customer Relationship Management | B2B Sales Excellence | Territory Management Basics,3,4,2,2,MISSING_SKILLS; DATE_CONFLICT; TITLE_INCONSISTENCY
EMP-2986,candidate_986,Ayu Gunawan,"Gunawan, Ayu",ayu.gunawan@medika.co.id,ayu.gunawan@medika.co.id,Medan,North Sumatra,Teknisi IT,Support IT,2023-11-17,2023-11-17,Network Administration; Hardware Troubleshooting,LMS015,IT Security Fundamentals,,,,4,NAME_MISMATCH; TITLE_INCONSISTENCY; NO_PERFORMANCE_DATA
EMP-2987,candidate_987,Dedi Rahayu,Dedi Rahayu,dedi.rahayu@medika.co.id,dedirahayu@gmail.com,Semarang,Central Java,Keuangan Officer,Staf Keuangan,2016-07-17,2017-07-17,Accounting; Financial Reporting; Tax Compliance; Budget Analysis; ERP Usage; Audit Support,,,,5,2,3,EMAIL_MISMATCH; DATE_CONFLICT; TITLE_INCONSISTENCY
EMP-2988,candidate_988,Fitria Halim,Fitria HALIM,fitria.halim@medika.co.id,fitria.halim@medika.co.id,Jakarta Pusat,DKI Jakarta,Apoteker,Apt.,2016-11-09,2016-11-09,,LMS013,Inventory Control & Stock Management,4,2,5,8,MISSING_SKILLS; NAME_MISMATCH; TITLE_INCONSISTENCY
EMP-2989,candidate_989,Vera Permana,Vera Permana,vera.permana@medika.co.id,vera.permana@medika.co.id,Bandung,West Java,Logistik Coord,Logistics Coordinator,2019-12-10,2019-12-10,Supply Chain Management; Route Optimization; Vendor Management,LMS007,Supply Chain Management Fundamentals,,,,8,TITLE_INCONSISTENCY; NO_PERFORMANCE_DATA
EMP-2990,candidate_990,Agus Suryadi,Agus Suryadi,agus.suryadi@medika.co.id,agus.suryadi@medika.co.id,Semarang,Central Java,Teknisi IT,IT Support,2020-10-14,2020-10-14,,,,1,2,4,7,MISSING_SKILLS; TITLE_INCONSISTENCY
EMP-2991,candidate_991,Iwan Wibowo,I. Wibowo,iwan.wibowo@medika.co.id,iwanwibowo@gmail.com,Surabaya,East Java,Human Resources Officer,HR Staff,2017-08-23,2017-08-23,Recruitment; Payroll Processing; Employee Relations; HR Information Systems,,,,,,3,EMAIL_MISMATCH; NAME_MISMATCH; TITLE_INCONSISTENCY; NO_PERFORMANCE_DATA
EMP-2992,candidate_992,Putri Santoso,Putri Santoso,putri.santoso@medika.co.id,putri.santoso@medika.co.id,Denpasar,Bali,Finance Officer,Staf Keuangan,2015-11-21,2014-11-21,Accounting; Financial Reporting; Tax Compliance; Budget Analysis; ERP Usage; Audit Support,LMS009,Financial Reporting & Analysis,2,3,1,7,DATE_CONFLICT; TITLE_INCONSISTENCY
EMP-2993,candidate_993,Eko Purnama,"Purnama, Eko",eko.purnama@medika.co.id,eko.purnama@medika.co.id,Yogyakarta,DIY,Keuangan Officer,Staf Keuangan,2020-08-09,2020-08-09,Accounting; Financial Reporting; Tax Compliance; Budget Analysis,LMS009,Financial Reporting & Analysis,,2,5,2,NAME_MISMATCH; TITLE_INCONSISTENCY
EMP-2994,candidate_994,Eko Prasetyo,Eko Prasetyo,eko.prasetyo@medika.co.id,eko.prasetyo@medika.co.id,Palembang,South Sumatra,Logistik Coord,Logistics Coordinator,2021-02-06,2021-02-06,,LMS001; LMS006; LMS007,Cold Chain Logistics Compliance | Warehouse Safety & Compliance | Supply Chain Management Fundamentals,,,1,6,MISSING_SKILLS; TITLE_INCONSISTENCY
EMP-2995,candidate_995,Sigit Gunawan,Sigit Gunawan,sigit.gunawan@medika.co.id,sigit.gunawan@medika.co.id,Bandung,West Java,Apoteker,Pharmacist,2016-02-29,2016-02-29,,LMS013; LMS011,Inventory Control & Stock Management | Pharmaceutical Regulatory Compliance,4,4,2,8,MISSING_SKILLS; TITLE_INCONSISTENCY
EMP-2996,candidate_996,Dedi Wijaya,Dedi Wijaya,dedi.wijaya@medika.co.id,dedi.wijaya@medika.co.id,Surabaya,East Java,WH Supervisor,WH Supervisor,2023-11-15,2022-11-15,,LMS013; LMS006; LMS001; LMS008,Inventory Control & Stock Management | Warehouse Safety & Compliance | Cold Chain Logistics Compliance | Leadership Essentials,,,1,2,MISSING_SKILLS; DATE_CONFLICT
EMP-2997,candidate_997,Heri Budiman,Heri Budiman,heri.budiman@medika.co.id,heri.budiman@medika.co.id,Semarang,Central Java,Personalia,Staf HR,2019-12-07,2019-12-07,Recruitment; Payroll Processing; Employee Relations; HR Information Systems; Labor Law,LMS010,HR Information Systems (SuccessFactors),4,1,4,5,TITLE_INCONSISTENCY
EMP-2998,candidate_998,Rina Putra,Rina Putra,rina.putra@medika.co.id,rina.putra@medika.co.id,Semarang,Central Java,Penjualan Senior,Penjualan Senior,2022-05-31,2023-05-31,B2B Sales; Territory Management; Product Knowledge; CRM Usage,LMS003; LMS005; LMS008,B2B Sales Excellence | Territory Management Basics | Leadership Essentials,3,1,1,7,DATE_CONFLICT
EMP-2999,candidate_999,Ani Laksana,"Laksana, Ani",ani.laksana@medika.co.id,ani.laksana@medika.co.id,Semarang,Central Java,Teknisi IT,Teknisi IT,2016-10-17,2016-10-17,Network Administration; Hardware Troubleshooting; Software Installation,,,,,,7,NAME_MISMATCH; NO_PERFORMANCE_DATA
EMP-3000,candidate_1000,Gilang Hidayat,Gilang Hidayat,gilang.hidayat@medika.co.id,gilang.hidayat@medika.co.id,Yogyakarta,DIY,Sales Rep,Sales Representative,2022-08-13,2022-08-13,,LMS005,Territory Management Basics,,,3,1,MISSING_SKILLS; TITLE_INCONSISTENCY
EMP-3001,candidate_1001,Nita Hartono,Nita Hartono,nita.hartono@medika.co.id,nita.hartono@medika.co.id,Jakarta Pusat,DKI Jakarta,Finance Officer,Keuangan Officer,2021-04-19,2022-04-19,Accounting; Financial Reporting; Tax Compliance; Budget Analysis; ERP Usage,,,,,,3,DATE_CONFLICT; TITLE_INCONSISTENCY; NO_PERFORMANCE_DATA
EMP-3002,candidate_1002,Vera Salim,Vera Salim,vera.salim@medika.co.id,vera.salim@medika.co.id,Denpasar,Bali,Sales 2,Sales 2,2018-08-02,2018-08-02,,LMS004; LMS012,CRM System Training (SalesForce) | Customer Relationship Management,2,1,2,8,MISSING_SKILLS
EMP-3003,candidate_1003,Lia Permana,Lia Permana,lia.permana@medika.co.id,liapermana@gmail.com,Surabaya,East Java,Logistics Coordinator,Koordinator Logistik,2019-02-20,2019-02-20,Supply Chain Management; Route Optimization,LMS006; LMS007,Warehouse Safety & Compliance | Supply Chain Management Fundamentals,,4,5,6,EMAIL_MISMATCH; TITLE_INCONSISTENCY
EMP-3004,candidate_1004,Bayu Laksana,Bayu Laksana,bayu.laksana@medika.co.id,bayu.laksana@medika.co.id,Makassar,South Sulawesi,Finance Officer,Staf Keuangan,2020-10-20,2020-10-20,Accounting; Financial Reporting; Tax Compliance,,,,,A,5,TITLE_INCONSISTENCY
EMP-3005,candidate_1005,Andi Hakim,Andi Hakim,andi.hakim@medika.co.id,andi.hakim@medika.co.id,Jakarta Pusat,DKI Jakarta,Sales Manager,Regional Sales Lead,2022-12-15,2023-12-15,B2B Sales; Sales Forecasting; Team Leadership; Budget Management; Strategic Planning; Negotiation,LMS004; LMS008,CRM System Training (SalesForce) | Leadership Essentials,,,5,3,DATE_CONFLICT; TITLE_INCONSISTENCY
EMP-3006,candidate_1006,Nur Kusuma,Nur Kusuma,nur.kusuma@medika.co.id,nur.kusuma@medika.co.id,Yogyakarta,DIY,Kepala Cabang,Manajer Cabang,2022-05-22,2022-05-22,Team Leadership; Strategic Planning,,,,,,7,TITLE_INCONSISTENCY; NO_PERFORMANCE_DATA
EMP-3007,candidate_1007,Siti Wahyudi,Siti Wahyudi,siti.wahyudi@medika.co.id,siti.wahyudi@medika.co.id,Yogyakarta,DIY,Device Specialist,Device Specialist,2022-01-12,2022-01-12,,LMS011; LMS003; LMS002,Pharmaceutical Regulatory Compliance | B2B Sales Excellence | Medical Device Handling Fundamentals,,2,4,8,MISSING_SKILLS
EMP-3008,candidate_1008,Gilang Hidayat,Gilang Hidayat,gilang.hidayat@medika.co.id,gilang.hidayat@medika.co.id,Bandung,West Java,Logistics Coordinator,Logistik Coord,2018-07-04,2018-07-04,,LMS001; LMS006; LMS007,Cold Chain Logistics Compliance | Warehouse Safety & Compliance | Supply Chain Management Fundamentals,,,4,8,MISSING_SKILLS; TITLE_INCONSISTENCY
EMP-3009,candidate_1009,Agus Wijaya,Agus Wijaya,agus.wijaya@medika.co.id,agus.wijaya@medika.co.id,Bandung,West Java,Sales Mgr,Manager Sales,2018-04-03,2018-04-03,B2B Sales; Sales Forecasting; Team Leadership,LMS008; LMS003,Leadership Essentials | B2B Sales Excellence,4,5,4,8,TITLE_INCONSISTENCY
EMP-3010,candidate_1010,Heri Prasetyo,Heri Prasetyo,heri.prasetyo@medika.co.id,heri.prasetyo@medika.co.id,Surabaya,East Java,Sales 2,Sr. Sales,2020-02-16,2020-02-16,,LMS012; LMS008; LMS004,Customer Relationship Management | Leadership Essentials | CRM System Training (SalesForce),,1,4,6,MISSING_SKILLS; TITLE_INCONSISTENCY
EMP-3011,candidate_1011,Ahmad Hartono,"Hartono, Ahmad",ahmad.hartono@medika.co.id,ahmad.hartono@medika.co.id,Balikpapan,East Kalimantan,Logistics Coordinator,Logistics Staff Sr.,2015-07-29,2015-07-29,,LMS007; LMS006; LMS001,Supply Chain Management Fundamentals | Warehouse Safety & Compliance | Cold Chain Logistics Compliance,,,,6,MISSING_SKILLS; NAME_MISMATCH; TITLE_INCONSISTENCY; NO_PERFORMANCE_DATA
EMP-3012,candidate_1012,Reza Firmansyah,Reza Firmansyah,reza.firmansyah@medika.co.id,rezafirmansyah@gmail.com,Semarang,Central Java,Support IT,Teknisi IT,2016-08-13,2017-08-13,,LMS015,IT Security Fundamentals,,2,5,6,MISSING_SKILLS; EMAIL_MISMATCH; DATE_CONFLICT; TITLE_INCONSISTENCY
EMP-3013,candidate_1013,Putri Budiman,Putri Budiman,putri.budiman@medika.co.id,putri.budiman@medika.co.id,Jakarta Pusat,DKI Jakarta,HR Staff,Personalia,2018-05-10,2018-05-10,Recruitment; Payroll Processing; Employee Relations; HR Information Systems; Labor Law; Training Coordination,LMS010,HR Information Systems (SuccessFactors),3,3,1,5,TITLE_INCONSISTENCY
EMP-3014,candidate_1014,Teguh Setiawan,Teguh Setiawan,teguh.setiawan@medika.co.id,teguh.setiawan@medika.co.id,Surabaya,East Java,Manajer Cabang,Manajer Cabang,2022-05-09,2022-05-09,Team Leadership; Strategic Planning; Budget Management; Operations Management; Stakeholder Management; P&L Management,LMS008,Leadership Essentials,,5,4,1,
EMP-3015,candidate_1015,Sri Pratama,Sri Pratama,sri.pratama@medika.co.id,sri.pratama@medika.co.id,Yogyakarta,DIY,Apt.,Pharmaceutical Officer,2015-03-19,2015-03-19,,LMS013; LMS011,Inventory Control & Stock Management | Pharmaceutical Regulatory Compliance,,5,2,7,MISSING_SKILLS; TITLE_INCONSISTENCY
EMP-3016,candidate_1016,Bayu Hakim,Bayu Hakim,bayu.hakim@medika.co.id,bayu.hakim@medika.co.id,Semarang,Central Java,Manajer Penjualan,Manager Sales,2020-12-23,2020-12-23,B2B Sales; Sales Forecasting; Team Leadership; Budget Management; Strategic Planning; Negotiation; CRM Usage,LMS014; LMS003,Strategic Planning for Branch Leaders | B2B Sales Excellence,3,5,3,5,TITLE_INCONSISTENCY
EMP-3017,candidate_1017,Desy Wahyudi,Desy Wahyudi,desy.wahyudi@medika.co.id,desy.wahyudi@medika.co.id,Bandung,West Java,Pharmaceutical Officer,Apt.,2018-07-22,2018-07-22,Pharmaceutical Knowledge; Regulatory Compliance; Drug Interaction; Patient Counseling,,,,5,4,3,TITLE_INCONSISTENCY
EMP-3018,candidate_1018,Rizky Suryadi,Rizky Suryadi,rizky.suryadi@medika.co.id,rizky.suryadi@medika.co.id,Medan,North Sumatra,Field Sales,Sales Executive,2015-11-20,2015-11-20,B2B Sales; Territory Management; Product Knowledge,LMS005; LMS012; LMS004; LMS003,Territory Management Basics | Customer Relationship Management | CRM System Training (SalesForce) | B2B Sales Excellence,,,,4,TITLE_INCONSISTENCY; NO_PERFORMANCE_DATA
EMP-3019,candidate_1019,Sigit Tanjung,Sigit TANJUNG,sigit.tanjung@medika.co.id,sigit.tanjung@medika.co.id,Bandung,West Java,Tenaga Penjualan,Field Sales,2020-12-15,2019-12-15,B2B Sales; Territory Management; Product Knowledge,,,2,4,4,4,NAME_MISMATCH; DATE_CONFLICT; TITLE_INCONSISTENCY
EMP-3020,candidate_1020,Rizky Gunawan,"Gunawan, Rizky",rizky.gunawan@medika.co.id,rizky.gunawan@medika.co.id,Medan,North Sumatra,Logistics Staff Sr.,Koordinator Logistik,2015-08-31,2015-08-31,Supply Chain Management; Route Optimization,LMS006,Warehouse Safety & Compliance,2,1,4,5,NAME_MISMATCH; TITLE_INCONSISTENCY
EMP-3021,candidate_1021,Wulan Permana,Wulan Permana,wulan.permana@medika.co.id,wulan.permana@medika.co.id,Surabaya,East Java,Sales Staff,Sales Rep,2021-10-04,2022-10-04,B2B Sales; Territory Management; Product Knowledge; CRM Usage; Negotiation,LMS012,Customer Relationship Management,,,1,8,DATE_CONFLICT; TITLE_INCONSISTENCY
EMP-3022,candidate_1022,Yuni Santoso,Yuni Santoso,yuni.santoso@medika.co.id,yuni.santoso@medika.co.id,Medan,North Sumatra,Pharmacist,Apoteker,2023-04-06,2023-04-06,,LMS013; LMS011,Inventory Control & Stock Management | Pharmaceutical Regulatory Compliance,,1,4,3,MISSING_SKILLS; TITLE_INCONSISTENCY
EMP-3023,candidate_1023,Ratna Santoso,Ratna Santoso,ratna.santoso@medika.co.id,ratna.santoso@medika.co.id,Denpasar,Bali,Koordinator Logistik,Logistics Coordinator,2017-12-04,2017-12-04,,,,,,3,2,MISSING_SKILLS; TITLE_INCONSISTENCY
EMP-3024,candidate_1024,Hendra Hartono,Hendra Hartono,hendra.hartono@medika.co.id,hendra.hartono@medika.co.id,Denpasar,Bali,Supervisor Gudang,Supervisor Gudang,2022-09-11,2022-09-11,,,,,3,3,3,MISSING_SKILLS
EMP-3025,candidate_1025,Bayu Budiman,Bayu Budiman,bayu.budiman@medika.co.id,bayu.budiman@medika.co.id,Denpasar,Bali,Regional Sales Lead,Manager Sales,2021-10-17,2021-10-17,B2B Sales; Sales Forecasting; Team Leadership; Budget Management; Strategic Planning; Negotiation; CRM Usage; Team Mentoring,LMS004,CRM System Training (SalesForce),,1,4,2,TITLE_INCONSISTENCY
EMP-3026,candidate_1026,Dewi Margono,Dewi Margono,dewi.margono@medika.co.id,dewi.margono@medika.co.id,Yogyakarta,DIY,Senior Field Sales,Sales Senior,2021-02-21,2021-02-21,,LMS008; LMS003; LMS005; LMS012,Leadership Essentials | B2B Sales Excellence | Territory Management Basics | Customer Relationship Management,,4,1,1,MISSING_SKILLS; TITLE_INCONSISTENCY
EMP-3027,candidate_1027,Iwan Saputra,Iwan Saputra,iwan.saputra@medika.co.id,iwan.saputra@medika.co.id,Denpasar,Bali,Manajer Penjualan,Regional Sales Lead,2020-02-15,2020-02-15,,,,,,1,2,MISSING_SKILLS; TITLE_INCONSISTENCY
EMP-3028,candidate_1028,Dian Suryadi,D. Suryadi,dian.suryadi@medika.co.id,dian.suryadi@medika.co.id,Surabaya,East Java,HR Staff,HR Staff,2015-09-19,2015-09-19,Recruitment; Payroll Processing; Employee Relations; HR Information Systems,LMS010,HR Information Systems (SuccessFactors),4,3,4,7,NAME_MISMATCH
EMP-3029,candidate_1029,Sigit Salim,"Salim, Sigit",sigit.salim@medika.co.id,sigit.salim@medika.co.id,Makassar,South Sulawesi,Device Specialist,Device Specialist,2021-01-17,2022-01-17,,LMS002,Medical Device Handling Fundamentals,B,C,D,4,MISSING_SKILLS; NAME_MISMATCH; DATE_CONFLICT
EMP-3030,candidate_1030,Dian Hidayat,"Hidayat, Dian",dian.hidayat@medika.co.id,dian.hidayat@medika.co.id,Bandung,West Java,Finance Officer,Finance Officer,2018-02-03,2017-02-03,Accounting; Financial Reporting,,,,,,8,NAME_MISMATCH; DATE_CONFLICT; NO_PERFORMANCE_DATA
EMP-3031,candidate_1031,Desy Salim,Desy Salim,desy.salim@medika.co.id,desy.salim@medika.co.id,Yogyakarta,DIY,Med Device Spec,Spesialis Alat Medis,2015-07-19,2014-07-19,,,,,,,6,MISSING_SKILLS; DATE_CONFLICT; TITLE_INCONSISTENCY; NO_PERFORMANCE_DATA
EMP-3032,candidate_1032,Fitria Laksana,Fitria Laksana,fitria.laksana@medika.co.id,fitria.laksana@medika.co.id,Yogyakarta,DIY,Branch Head,Branch Head,2018-08-06,2017-08-06,,LMS008,Leadership Essentials,,5,2,1,MISSING_SKILLS; DATE_CONFLICT
EMP-3033,candidate_1033,Sigit Hartono,Sigit Hartono,sigit.hartono@medika.co.id,sigit.hartono@medika.co.id,Semarang,Central Java,Spesialis Alat Medis,Med Device Spec,2023-10-24,2023-10-24,,LMS012,Customer Relationship Management,,,,3,MISSING_SKILLS; TITLE_INCONSISTENCY; NO_PERFORMANCE_DATA
EMP-3034,candidate_1034,Lia Saputra,L. Saputra,lia.saputra@medika.co.id,lia.saputra@medika.co.id,Denpasar,Bali,Sales Representative,Sales Staff,2019-09-03,2019-09-03,,,,3,1,2,7,MISSING_SKILLS; NAME_MISMATCH; TITLE_INCONSISTENCY
EMP-3035,candidate_1035,Ahmad Salim,Ahmad Salim,ahmad.salim@medika.co.id,ahmad.salim@medika.co.id,Yogyakarta,DIY,Manajer Cabang,Branch Manager,2015-10-26,2014-10-26,,,,,,,8,MISSING_SKILLS; DATE_CONFLICT; TITLE_INCONSISTENCY; NO_PERFORMANCE_DATA
EMP-3036,candidate_1036,Gilang Suryadi,Gilang Suryadi,gilang.suryadi@medika.co.id,gilang.suryadi@medika.co.id,Bandung,West Java,Pharmaceutical Officer,Pharmaceutical Officer,2017-04-17,2017-04-17,,LMS013,Inventory Control & Stock Management,,,3,2,MISSING_SKILLS
EMP-3037,candidate_1037,Fitri Wibowo,Fitri Wibowo,fitri.wibowo@medika.co.id,fitri.wibowo@medika.co.id,Denpasar,Bali,Logistik Coord,Koordinator Logistik,2018-07-05,2018-07-05,,LMS007; LMS006,Supply Chain Management Fundamentals | Warehouse Safety & Compliance,,,2,7,MISSING_SKILLS; TITLE_INCONSISTENCY
EMP-3038,candidate_1038,Maya Kurniawan,Maya Kurniawan,maya.kurniawan@medika.co.id,maya.kurniawan@medika.co.id,Yogyakarta,DIY,WH Staff,Warehouse Officer,2022-05-05,2022-05-05,Inventory Management; Cold Chain Handling; Safety Compliance; Stock Opname; Forklift Operation,LMS001; LMS006; LMS013,Cold Chain Logistics Compliance | Warehouse Safety & Compliance | Inventory Control & Stock Management,,,,3,TITLE_INCONSISTENCY; NO_PERFORMANCE_DATA
EMP-3039,candidate_1039,Dewi Prasetyo,"Prasetyo, Dewi",dewi.prasetyo@medika.co.id,dewiprasetyo@gmail.com,Palembang,South Sumatra,Spesialis Alat Medis,Medical Device Specialist,2015-05-19,2015-05-19,,LMS003,B2B Sales Excellence,,,,4,MISSING_SKILLS; EMAIL_MISMATCH; NAME_MISMATCH; TITLE_INCONSISTENCY; NO_PERFORMANCE_DATA
EMP-3040,candidate_1040,Reza Wijaya,Reza Wijaya,reza.wijaya@medika.co.id,reza.wijaya@medika.co.id,Palembang,South Sumatra,Finance Officer,Finance Staff,2021-12-05,2021-12-05,Accounting; Financial Reporting,,,,4,1,5,TITLE_INCONSISTENCY
EMP-3041,candidate_1041,Arif Laksana,Arif Laksana,arif.laksana@medika.co.id,ariflaksana@gmail.com,Surabaya,East Java,Teknisi IT,Teknisi IT,2019-10-30,2019-10-30,,,,,,,5,MISSING_SKILLS; EMAIL_MISMATCH; NO_PERFORMANCE_DATA
EMP-3042,candidate_1042,Reza Hartono,Reza Hartono,reza.hartono@medika.co.id,reza.hartono@medika.co.id,Balikpapan,East Kalimantan,Senior Sales,Sales Senior,2020-02-24,2020-02-24,B2B Sales; Territory Management; Product Knowledge; CRM Usage; Negotiation; Customer Relationship; Team Mentoring; Sales Forecasting,,,,D,A,7,TITLE_INCONSISTENCY
EMP-3043,candidate_1043,Teguh Wijaya,Teguh WIJAYA,teguh.wijaya@medika.co.id,teguh.wijaya@medika.co.id,Balikpapan,East Kalimantan,IT Technician,Teknisi IT,2022-02-21,2021-02-21,,,,A,B,B,1,MISSING_SKILLS; NAME_MISMATCH; DATE_CONFLICT; TITLE_INCONSISTENCY
EMP-3044,candidate_1044,Indah Tanjung,Indah TANJUNG,indah.tanjung@medika.co.id,indahtanjung@gmail.com,Makassar,South Sulawesi,Spesialis Alat Medis,Device Specialist,2021-02-02,2021-02-02,,LMS012,Customer Relationship Management,B,B,C,6,MISSING_SKILLS; EMAIL_MISMATCH; NAME_MISMATCH; TITLE_INCONSISTENCY
EMP-3045,candidate_1045,Wahyu Adiputra,Wahyu Adiputra,wahyu.adiputra@medika.co.id,wahyu.adiputra@medika.co.id,Balikpapan,East Kalimantan,Pharmaceutical Officer,Apt.,2022-09-24,2022-09-24,,LMS011,Pharmaceutical Regulatory Compliance,B,C,C,1,MISSING_SKILLS; TITLE_INCONSISTENCY
EMP-3046,candidate_1046,Maya Rahayu,Maya Rahayu,maya.rahayu@medika.co.id,maya.rahayu@medika.co.id,Medan,North Sumatra,Finance Officer,Finance Staff,2018-12-28,2018-12-28,Accounting; Financial Reporting; Tax Compliance; Budget Analysis; ERP Usage,,,3,2,1,3,TITLE_INCONSISTENCY
EMP-3047,candidate_1047,Hendro Hidayat,Hendro Hidayat,hendro.hidayat@medika.co.id,hendrohidayat@gmail.com,Balikpapan,East Kalimantan,Pharmacist,Apoteker,2023-04-18,2023-04-18,Pharmaceutical Knowledge; Regulatory Compliance; Drug Interaction; Patient Counseling; Inventory Management,LMS013,Inventory Control & Stock Management,,,,7,EMAIL_MISMATCH; TITLE_INCONSISTENCY; NO_PERFORMANCE_DATA
EMP-3048,candidate_1048,Lia Prasetyo,Lia Prasetyo,lia.prasetyo@medika.co.id,liaprasetyo@gmail.com,Denpasar,Bali,IT Support,Support IT,2019-07-30,2018-07-30,Network Administration; Hardware Troubleshooting; Software Installation; IT Security,LMS015,IT Security Fundamentals,,,4,3,EMAIL_MISMATCH; DATE_CONFLICT; TITLE_INCONSISTENCY
EMP-3049,candidate_1049,Wahyu Setiawan,Wahyu SETIAWAN,wahyu.setiawan@medika.co.id,wahyu.setiawan@medika.co.id,Balikpapan,East Kalimantan,Sales Mgr,Regional Sales Lead,2018-05-18,2017-05-18,,,,,,B,4,MISSING_SKILLS; NAME_MISMATCH; DATE_CONFLICT; TITLE_INCONSISTENCY
EMP-3050,candidate_1050,Wahyu Nugroho,Wahyu Nugroho,wahyu.nugroho@medika.co.id,wahyu.nugroho@medika.co.id,Denpasar,Bali,Senior Field Sales,Penjualan Senior,2015-01-28,2015-01-28,B2B Sales; Territory Management; Product Knowledge; CRM Usage,LMS005; LMS008; LMS012,Territory Management Basics | Leadership Essentials | Customer Relationship Management,2,3,3,4,TITLE_INCONSISTENCY
EMP-3051,candidate_1051,Yuni Hartono,Yuni Hartono,yuni.hartono@medika.co.id,yuni.hartono@medika.co.id,Denpasar,Bali,Koordinator Logistik,Koordinator Logistik,2018-07-31,2019-07-31,,LMS006; LMS007,Warehouse Safety & Compliance | Supply Chain Management Fundamentals,,,,1,MISSING_SKILLS; DATE_CONFLICT; NO_PERFORMANCE_DATA
EMP-3052,candidate_1052,Fitri Utama,Fitri Utama,fitri.utama@medika.co.id,fitri.utama@medika.co.id,Denpasar,Bali,Apoteker,Pharmaceutical Officer,2023-12-12,2022-12-12,,LMS011,Pharmaceutical Regulatory Compliance,,2,3,7,MISSING_SKILLS; DATE_CONFLICT; TITLE_INCONSISTENCY
EMP-3053,candidate_1053,Gilang Wahyudi,Gilang Wahyudi,gilang.wahyudi@medika.co.id,gilang.wahyudi@medika.co.id,Makassar,South Sulawesi,Finance Officer,Finance Officer,2021-07-12,2021-07-12,Accounting; Financial Reporting; Tax Compliance; Budget Analysis; ERP Usage; Audit Support,,,B,D,C,4,
EMP-3054,candidate_1054,Elsa Halim,Elsa Halim,elsa.halim@medika.co.id,elsa.halim@medika.co.id,Semarang,Central Java,Regional Sales Lead,Regional Sales Lead,2015-07-01,2015-07-01,B2B Sales; Sales Forecasting; Team Leadership; Budget Management,LMS003; LMS014; LMS008,B2B Sales Excellence | Strategic Planning for Branch Leaders | Leadership Essentials,,,5,4,
EMP-3055,candidate_1055,Heri Utama,Heri Utama,heri.utama@medika.co.id,heri.utama@medika.co.id,Denpasar,Bali,Logistics Coordinator,Koordinator Logistik,2023-08-30,2023-08-30,Supply Chain Management; Route Optimization; Vendor Management; Cold Chain Handling; Documentation,,,,,1,6,TITLE_INCONSISTENCY
EMP-3056,candidate_1056,Bayu Adiputra,Bayu Adiputra,bayu.adiputra@medika.co.id,bayuadiputra@gmail.com,Medan,North Sumatra,Logistics Coordinator,Logistics Coordinator,2017-04-27,2017-04-27,Supply Chain Management; Route Optimization; Vendor Management; Cold Chain Handling; Documentation,LMS001; LMS006,Cold Chain Logistics Compliance | Warehouse Safety & Compliance,,,,6,EMAIL_MISMATCH; NO_PERFORMANCE_DATA
EMP-3057,candidate_1057,Hendra Hakim,Hendra Hakim,hendra.hakim@medika.co.id,hendra.hakim@medika.co.id,Makassar,South Sulawesi,Device Specialist,Device Specialist,2023-04-22,2022-04-22,Medical Device Knowledge; Regulatory Compliance; B2B Sales; Product Demonstration; Clinical Knowledge,LMS012,Customer Relationship Management,,B,D,1,DATE_CONFLICT
EMP-3058,candidate_1058,Sari Permana,Sari Permana,sari.permana@medika.co.id,sari.permana@medika.co.id,Yogyakarta,DIY,Gudang,Staf Gudang,2019-10-26,2019-10-26,Inventory Management; Cold Chain Handling,,,5,2,3,8,TITLE_INCONSISTENCY
EMP-3059,candidate_1059,Sigit Salim,Sigit Salim,sigit.salim@medika.co.id,sigit.salim@medika.co.id,Makassar,South Sulawesi,Supervisor Gudang,WH Supervisor,2020-06-27,2020-06-27,Inventory Management; Cold Chain Handling; Safety Compliance; Stock Opname; Team Leadership; Process Optimization,,,,,C,2,TITLE_INCONSISTENCY
EMP-3060,candidate_1060,Sri Rahayu,Sri Rahayu,sri.rahayu@medika.co.id,sri.rahayu@medika.co.id,Jakarta Pusat,DKI Jakarta,Logistics Staff Sr.,Koordinator Logistik,2018-06-04,2019-06-04,,LMS007,Supply Chain Management Fundamentals,,,2,3,MISSING_SKILLS; DATE_CONFLICT; TITLE_INCONSISTENCY
EMP-3061,candidate_1061,Wahyu Kusuma,Wahyu Kusuma,wahyu.kusuma@medika.co.id,wahyu.kusuma@medika.co.id,Denpasar,Bali,Spv Gudang,Spv Gudang,2018-07-12,2018-07-12,Inventory Management; Cold Chain Handling; Safety Compliance; Stock Opname; Team Leadership,LMS006,Warehouse Safety & Compliance,4,4,4,8,
EMP-3062,candidate_1062,Prio Santoso,Prio Santoso,prio.santoso@medika.co.id,prio.santoso@medika.co.id,Jakarta Pusat,DKI Jakarta,Sr. Sales,Senior Field Sales,2023-12-04,2023-12-04,B2B Sales; Territory Management; Product Knowledge,LMS012; LMS008; LMS005,Customer Relationship Management | Leadership Essentials | Territory Management Basics,,5,1,6,TITLE_INCONSISTENCY
EMP-3063,candidate_1063,Rudi Budiman,Rudi Budiman,rudi.budiman@medika.co.id,rudibudiman@gmail.com,Palembang,South Sumatra,Tenaga Penjualan,Sales Representative,2019-12-13,2019-12-13,B2B Sales; Territory Management; Product Knowledge,LMS003; LMS004,B2B Sales Excellence | CRM System Training (SalesForce),,,1,4,EMAIL_MISMATCH; TITLE_INCONSISTENCY
EMP-3064,candidate_1064,Yanti Suryadi,Yanti Suryadi,yanti.suryadi@medika.co.id,yanti.suryadi@medika.co.id,Bandung,West Java,Apt.,Apoteker,2018-12-07,2018-12-07,Pharmaceutical Knowledge; Regulatory Compliance; Drug Interaction,,,5,3,5,6,TITLE_INCONSISTENCY
EMP-3065,candidate_1065,Prio Setiawan,Prio Setiawan,prio.setiawan@medika.co.id,priosetiawan@gmail.com,Medan,North Sumatra,Supervisor Gudang,WH Supervisor,2020-10-08,2020-10-08,Inventory Management; Cold Chain Handling; Safety Compliance; Stock Opname; Team Leadership,,,2,2,2,4,EMAIL_MISMATCH; TITLE_INCONSISTENCY
EMP-3066,candidate_1066,Nur Permana,Nur Permana,nur.permana@medika.co.id,nurpermana@gmail.com,Balikpapan,East Kalimantan,Keuangan Officer,Finance Staff,2022-02-03,2023-02-03,Accounting; Financial Reporting,LMS009,Financial Reporting & Analysis,,B,C,1,EMAIL_MISMATCH; DATE_CONFLICT; TITLE_INCONSISTENCY
EMP-3067,candidate_1067,Bayu Gunawan,Bayu Gunawan,bayu.gunawan@medika.co.id,bayu.gunawan@medika.co.id,Makassar,South Sulawesi,Apt.,Apt.,2022-06-13,2022-06-13,,LMS011,Pharmaceutical Regulatory Compliance,,,B,3,MISSING_SKILLS
EMP-3068,candidate_1068,Mega Tanjung,"Tanjung, Mega",mega.tanjung@medika.co.id,mega.tanjung@medika.co.id,Yogyakarta,DIY,Keuangan Officer,Staf Keuangan,2022-08-27,2022-08-27,Accounting; Financial Reporting,,,,,1,3,NAME_MISMATCH; TITLE_INCONSISTENCY
EMP-3069,candidate_1069,Indah Susanto,"Susanto, Indah",indah.susanto@medika.co.id,indah.susanto@medika.co.id,Medan,North Sumatra,Sales Manager,Sales Manager,2022-05-05,2022-05-05,,LMS008; LMS014; LMS003,Leadership Essentials | Strategic Planning for Branch Leaders | B2B Sales Excellence,,,1,4,MISSING_SKILLS; NAME_MISMATCH
EMP-3070,candidate_1070,Wahyu Permana,Wahyu Permana,wahyu.permana@medika.co.id,wahyupermana@gmail.com,Denpasar,Bali,Senior Sales,Sales 2,2017-07-15,2017-07-15,,,,4,2,4,7,MISSING_SKILLS; EMAIL_MISMATCH; TITLE_INCONSISTENCY
EMP-3071,candidate_1071,Agus Purnama,Agus Purnama,agus.purnama@medika.co.id,agus.purnama@medika.co.id,Makassar,South Sulawesi,Apoteker,Pharmaceutical Officer,2018-07-07,2018-07-07,Pharmaceutical Knowledge; Regulatory Compliance; Drug Interaction,LMS011; LMS013,Pharmaceutical Regulatory Compliance | Inventory Control & Stock Management,,A,C,6,TITLE_INCONSISTENCY
EMP-3072,candidate_1072,Ani Hidayat,Ani Hidayat,ani.hidayat@medika.co.id,ani.hidayat@medika.co.id,Bandung,West Java,Device Specialist,Med Device Spec,2019-08-14,2019-08-14,Medical Device Knowledge; Regulatory Compliance; B2B Sales,,,,4,3,3,TITLE_INCONSISTENCY
EMP-3073,candidate_1073,Elsa Susanto,Elsa Susanto,elsa.susanto@medika.co.id,elsa.susanto@medika.co.id,Bandung,West Java,WH Supervisor,Warehouse Supervisor,2017-10-13,2017-10-13,Inventory Management; Cold Chain Handling,LMS006; LMS008,Warehouse Safety & Compliance | Leadership Essentials,,2,4,4,TITLE_INCONSISTENCY
EMP-3074,candidate_1074,Sri Rahayu,S. Rahayu,sri.rahayu@medika.co.id,sri.rahayu@medika.co.id,Denpasar,Bali,HR Staff,HR Officer,2020-08-08,2020-08-08,Recruitment; Payroll Processing; Employee Relations,LMS010,HR Information Systems (SuccessFactors),,,2,1,NAME_MISMATCH; TITLE_INCONSISTENCY
EMP-3075,candidate_1075,Budi Setiawan,Budi Setiawan,budi.setiawan@medika.co.id,budi.setiawan@medika.co.id,Yogyakarta,DIY,Senior Field Sales,Senior Field Sales,2017-06-02,2016-06-02,,LMS008; LMS012; LMS005; LMS004,Leadership Essentials | Customer Relationship Management | Territory Management Basics | CRM System Training (SalesForce),,,,3,MISSING_SKILLS; DATE_CONFLICT; NO_PERFORMANCE_DATA
EMP-3076,candidate_1076,Wulan Susanto,Wulan Susanto,wulan.susanto@medika.co.id,wulan.susanto@medika.co.id,Medan,North Sumatra,Sales 2,Senior Sales,2020-09-25,2020-09-25,,LMS003; LMS005; LMS008; LMS004,B2B Sales Excellence | Territory Management Basics | Leadership Essentials | CRM System Training (SalesForce),,2,1,7,MISSING_SKILLS; TITLE_INCONSISTENCY
EMP-3077,candidate_1077,Putri Halim,Putri Halim,putri.halim@medika.co.id,putri.halim@medika.co.id,Makassar,South Sulawesi,Finance Staff,Finance Staff,2015-08-14,2015-08-14,,,,,B,C,3,MISSING_SKILLS
EMP-3078,candidate_1078,Ani Firmansyah,A. Firmansyah,ani.firmansyah@medika.co.id,ani.firmansyah@medika.co.id,Semarang,Central Java,Sales Manager,Sales Mgr,2018-01-05,2018-01-05,B2B Sales; Sales Forecasting; Team Leadership; Budget Management; Strategic Planning; Negotiation,,,,,5,8,NAME_MISMATCH; TITLE_INCONSISTENCY
EMP-3079,candidate_1079,Dewi Wahyudi,Dewi Wahyudi,dewi.wahyudi@medika.co.id,dewiwahyudi@gmail.com,Palembang,South Sumatra,Koordinator Logistik,Logistics Coordinator,2021-05-10,2020-05-10,Supply Chain Management; Route Optimization,LMS007,Supply Chain Management Fundamentals,,1,1,8,EMAIL_MISMATCH; DATE_CONFLICT; TITLE_INCONSISTENCY
EMP-3080,candidate_1080,Nur Kusuma,Nur Kusuma,nur.kusuma@medika.co.id,nur.kusuma@medika.co.id,Semarang,Central Java,Human Resources Officer,HR Officer,2015-05-25,2015-05-25,,LMS010,HR Information Systems (SuccessFactors),,,3,6,MISSING_SKILLS; TITLE_INCONSISTENCY
EMP-3081,candidate_1081,Vera Tanjung,Vera Tanjung,vera.tanjung@medika.co.id,veratanjung@gmail.com,Makassar,South Sulawesi,IT Technician,IT Support,2015-08-04,2014-08-04,Network Administration; Hardware Troubleshooting; Software Installation; IT Security,LMS015,IT Security Fundamentals,,,,6,EMAIL_MISMATCH; DATE_CONFLICT; TITLE_INCONSISTENCY; NO_PERFORMANCE_DATA
EMP-3082,candidate_1082,Prio Adiputra,Prio Adiputra,prio.adiputra@medika.co.id,prio.adiputra@medika.co.id,Bandung,West Java,WH Supervisor,Warehouse Supervisor,2018-05-29,2018-05-29,Inventory Management; Cold Chain Handling; Safety Compliance,LMS006; LMS001; LMS008; LMS013,Warehouse Safety & Compliance | Cold Chain Logistics Compliance | Leadership Essentials | Inventory Control & Stock Management,,,,6,TITLE_INCONSISTENCY; NO_PERFORMANCE_DATA
EMP-3083,candidate_1083,Ayu Salim,"Salim, Ayu",ayu.salim@medika.co.id,ayu.salim@medika.co.id,Surabaya,East Java,Medical Device Specialist,Spesialis Alat Medis,2023-04-12,2023-04-12,,,,2,3,1,7,MISSING_SKILLS; NAME_MISMATCH; TITLE_INCONSISTENCY
EMP-3084,candidate_1084,Ani Susanto,Ani Susanto,ani.susanto@medika.co.id,ani.susanto@medika.co.id,Semarang,Central Java,Finance Staff,Finance Staff,2021-07-06,2020-07-06,Accounting; Financial Reporting,LMS009,Financial Reporting & Analysis,,,,7,DATE_CONFLICT; NO_PERFORMANCE_DATA
EMP-3085,candidate_1085,Sari Setiawan,"Setiawan, Sari",sari.setiawan@medika.co.id,sarisetiawan@gmail.com,Semarang,Central Java,Logistik Coord,Koordinator Logistik,2017-08-14,2016-08-14,,LMS006; LMS007; LMS001,Warehouse Safety & Compliance | Supply Chain Management Fundamentals | Cold Chain Logistics Compliance,,,,8,MISSING_SKILLS; EMAIL_MISMATCH; NAME_MISMATCH; DATE_CONFLICT; TITLE_INCONSISTENCY; NO_PERFORMANCE_DATA
EMP-3086,candidate_1086,Fajar Salim,Fajar Salim,fajar.salim@medika.co.id,fajar.salim@medika.co.id,Medan,North Sumatra,Staf Keuangan,Finance Staff,2016-05-06,2017-05-06,,LMS009,Financial Reporting & Analysis,,,,7,MISSING_SKILLS; DATE_CONFLICT; TITLE_INCONSISTENCY; NO_PERFORMANCE_DATA
EMP-3087,candidate_1087,Vera Nugroho,Vera NUGROHO,vera.nugroho@medika.co.id,vera.nugroho@medika.co.id,Palembang,South Sumatra,Sales Representative,Sales Representative,2017-12-01,2017-12-01,B2B Sales; Territory Management; Product Knowledge; CRM Usage; Negotiation; Customer Relationship,LMS003,B2B Sales Excellence,,,2,1,NAME_MISMATCH
EMP-3088,candidate_1088,Dedi Margono,Dedi Margono,dedi.margono@medika.co.id,dedi.margono@medika.co.id,Bandung,West Java,Sales Manager,Manajer Penjualan,2019-06-29,2019-06-29,B2B Sales; Sales Forecasting; Team Leadership; Budget Management,,,,,,8,TITLE_INCONSISTENCY; NO_PERFORMANCE_DATA
EMP-3089,candidate_1089,Mega Purnama,"Purnama, Mega",mega.purnama@medika.co.id,mega.purnama@medika.co.id,Jakarta Pusat,DKI Jakarta,Sales 2,Sr. Sales,2015-06-24,2015-06-24,B2B Sales; Territory Management; Product Knowledge; CRM Usage; Negotiation,,,,,4,4,NAME_MISMATCH; TITLE_INCONSISTENCY
EMP-3090,candidate_1090,Indah Utama,Indah Utama,indah.utama@medika.co.id,indah.utama@medika.co.id,Jakarta Pusat,DKI Jakarta,Spv Gudang,Supervisor Gudang,2016-08-31,2015-08-31,Inventory Management; Cold Chain Handling; Safety Compliance; Stock Opname; Team Leadership,,,,,,7,DATE_CONFLICT; TITLE_INCONSISTENCY; NO_PERFORMANCE_DATA
EMP-3091,candidate_1091,Nita Rahayu,Nita Rahayu,nita.rahayu@medika.co.id,nitarahayu@gmail.com,Bandung,West Java,Med Device Spec,Device Specialist,2022-01-27,2022-01-27,,LMS012; LMS011,Customer Relationship Management | Pharmaceutical Regulatory Compliance,3,5,5,5,MISSING_SKILLS; EMAIL_MISMATCH; TITLE_INCONSISTENCY
EMP-3092,candidate_1092,Andi Halim,Andi HALIM,andi.halim@medika.co.id,andi.halim@medika.co.id,Jakarta Pusat,DKI Jakarta,Sales Rep,Sales Staff,2017-06-16,2018-06-16,B2B Sales; Territory Management; Product Knowledge,LMS003,B2B Sales Excellence,,,,1,NAME_MISMATCH; DATE_CONFLICT; TITLE_INCONSISTENCY; NO_PERFORMANCE_DATA
EMP-3093,candidate_1093,Ayu Wibowo,Ayu Wibowo,ayu.wibowo@medika.co.id,ayu.wibowo@medika.co.id,Bandung,West Java,Kepala Cabang,Manajer Cabang,2016-12-12,2017-12-12,Team Leadership; Strategic Planning,LMS014; LMS008,Strategic Planning for Branch Leaders | Leadership Essentials,,2,4,8,DATE_CONFLICT; TITLE_INCONSISTENCY
EMP-3094,candidate_1094,Dewi Rahayu,"Rahayu, Dewi",dewi.rahayu@medika.co.id,dewi.rahayu@medika.co.id,Surabaya,East Java,Sales 2,Senior Field Sales,2021-09-30,2022-09-30,,LMS005,Territory Management Basics,,,,3,MISSING_SKILLS; NAME_MISMATCH; DATE_CONFLICT; TITLE_INCONSISTENCY; NO_PERFORMANCE_DATA
EMP-3095,candidate_1095,Reza Susanto,Reza Susanto,reza.susanto@medika.co.id,reza.susanto@medika.co.id,Makassar,South Sulawesi,IT Technician,Teknisi IT,2019-03-11,2019-03-11,,LMS015,IT Security Fundamentals,D,C,D,3,MISSING_SKILLS; TITLE_INCONSISTENCY
EMP-3105,candidate_1105,"Setiawan, Ani",Ani Setiawan,ani.setiawan@medika.co.id,ani.setiawan@medika.co.id,Makassar,South Sulawesi,Sales Executive,Sales Executive,2018-09-30,2016-09-30,,LMS003; LMS012; LMS005,B2B Sales Excellence | Customer Relationship Management | Territory Management Basics,,,,1,MISSING_SKILLS; DATE_CONFLICT; NO_PERFORMANCE_DATA; POTENTIAL_DUPLICATE
EMP-3106,candidate_1106,"Permana, Dewi",Dewi Permana,dewi.permana@medika.co.id,dewipermana@gmail.com,Medan,North Sumatra,WH Staff,Warehouse Staff,2024-04-02,2023-04-02,Inventory Management; Cold Chain Handling; Safety Compliance,,,1,2,1,4,EMAIL_MISMATCH; TITLE_INCONSISTENCY; POTENTIAL_DUPLICATE
EMP-3107,candidate_1107,"Pratama, Yuni",Yuni Pratama,yuni.pratama@medika.co.id,yuni.pratama@medika.co.id,Palembang,South Sumatra,Apoteker,Apt.,2018-06-05,2017-06-05,Pharmaceutical Knowledge; Regulatory Compliance; Drug Interaction; Patient Counseling; Inventory Management; Quality Control,LMS011,Pharmaceutical Regulatory Compliance,3,2,3,1,TITLE_INCONSISTENCY; POTENTIAL_DUPLICATE
EMP-3108,candidate_1108,"Halim, Fitria",Fitria HALIM,fitria.halim@medika.co.id,fitria.halim@medika.co.id,Jakarta Pusat,DKI Jakarta,Apoteker,Apt.,2017-11-09,2016-11-09,,LMS013,Inventory Control & Stock Management,4,2,5,8,MISSING_SKILLS; NAME_MISMATCH; TITLE_INCONSISTENCY; POTENTIAL_DUPLICATE
EMP-3109,candidate_1109,"Saputra, Lia",L. Saputra,lia.saputra@medika.co.id,lia.saputra@medika.co.id,Denpasar,Bali,Sales Representative,Sales Staff,2020-09-03,2019-09-03,,,,3,1,2,7,MISSING_SKILLS; NAME_MISMATCH; TITLE_INCONSISTENCY; POTENTIAL_DUPLICATE
